case_id,xai_method,perturbation_percentile,original_logit,original_prob,deletion_logit,deletion_prob,deletion_prob_drop,deletion_logit_drop,insertion_logit,insertion_prob,insertion_prob_retained
topaneu_center1_mr_017,gradcam,1,-1.2069,0.2302,-1.0404,0.2611,-0.0308,-0.1665,-0.0868,0.4783,0.4783
topaneu_center1_mr_017,gradcam,5,-1.2069,0.2302,-0.4781,0.3827,-0.1524,-0.7288,-0.3231,0.4199,0.4199
topaneu_center1_mr_017,gradcam,10,-1.2069,0.2302,-0.8448,0.3005,-0.0703,-0.3622,-0.8568,0.298,0.298
topaneu_center1_mr_017,cross_attention,1,-1.2069,0.2302,2.2099,0.9011,-0.6709,-3.4169,0.043,0.5108,0.5108
topaneu_center1_mr_017,cross_attention,5,-1.2069,0.2302,3.8283,0.9787,-0.7485,-5.0352,1.6466,0.8384,0.8384
topaneu_center1_mr_017,cross_attention,10,-1.2069,0.2302,0.768,0.6831,-0.4528,-1.975,-0.1698,0.4577,0.4577
topaneu_center1_mr_017,integrated_gradients,1,-1.2069,0.2302,-0.1937,0.4517,-0.2215,-1.0132,0.528,0.629,0.629
topaneu_center1_mr_017,integrated_gradients,5,-1.2069,0.2302,-1.2028,0.231,-0.0007,-0.0042,-0.2153,0.4464,0.4464
topaneu_center1_mr_017,integrated_gradients,10,-1.2069,0.2302,-0.6941,0.3331,-0.1029,-0.5128,-0.0077,0.4981,0.4981
topaneu_center1_mr_017,random_control,1,-1.2069,0.2302,-1.3296,0.2092,0.021,0.1227,-1.5407,0.1764,0.1764
topaneu_center1_mr_017,random_control,5,-1.2069,0.2302,-1.228,0.2265,0.0037,0.021,0.0666,0.5166,0.5166
topaneu_center1_mr_017,random_control,10,-1.2069,0.2302,-0.7486,0.3211,-0.0909,-0.4583,-0.9331,0.2823,0.2823
topaneu_center1_mr_024,gradcam,1,-0.5736,0.3604,-0.3886,0.4041,-0.0437,-0.185,1.3058,0.7868,0.7868
topaneu_center1_mr_024,gradcam,5,-0.5736,0.3604,-0.4476,0.3899,-0.0295,-0.126,0.6476,0.6565,0.6565
topaneu_center1_mr_024,gradcam,10,-0.5736,0.3604,-0.2425,0.4397,-0.0793,-0.3311,2.6623,0.9348,0.9348
topaneu_center1_mr_024,cross_attention,1,-0.5736,0.3604,0.1972,0.5491,-0.1887,-0.7708,0.2777,0.569,0.569
topaneu_center1_mr_024,cross_attention,5,-0.5736,0.3604,1.1222,0.7544,-0.394,-1.6958,0.3435,0.585,0.585
topaneu_center1_mr_024,cross_attention,10,-0.5736,0.3604,-0.3941,0.4027,-0.0423,-0.1795,1.1154,0.7531,0.7531
topaneu_center1_mr_024,integrated_gradients,1,-0.5736,0.3604,-0.46,0.387,-0.0266,-0.1136,0.3195,0.5792,0.5792
topaneu_center1_mr_024,integrated_gradients,5,-0.5736,0.3604,-0.9257,0.2838,0.0766,0.3521,0.505,0.6236,0.6236
topaneu_center1_mr_024,integrated_gradients,10,-0.5736,0.3604,-1.1439,0.2416,0.1188,0.5703,0.1643,0.541,0.541
topaneu_center1_mr_024,random_control,1,-0.5736,0.3604,-0.6545,0.342,0.0184,0.0809,-1.3956,0.1985,0.1985
topaneu_center1_mr_024,random_control,5,-0.5736,0.3604,-0.8828,0.2926,0.0678,0.3092,-0.6486,0.3433,0.3433
topaneu_center1_mr_024,random_control,10,-0.5736,0.3604,-0.5517,0.3655,-0.0051,-0.0219,-1.7437,0.1488,0.1488
topaneu_center1_mr_028,gradcam,1,-0.2169,0.446,0.7013,0.6685,-0.2225,-0.9183,2.0809,0.889,0.889
topaneu_center1_mr_028,gradcam,5,-0.2169,0.446,0.3962,0.5978,-0.1518,-0.6132,0.0193,0.5048,0.5048
topaneu_center1_mr_028,gradcam,10,-0.2169,0.446,-0.0296,0.4926,-0.0466,-0.1874,-0.7189,0.3276,0.3276
topaneu_center1_mr_028,cross_attention,1,-0.2169,0.446,0.2178,0.5542,-0.1083,-0.4348,-0.6986,0.3321,0.3321
topaneu_center1_mr_028,cross_attention,5,-0.2169,0.446,-0.9422,0.2804,0.1655,0.7253,-0.0638,0.484,0.484
topaneu_center1_mr_028,cross_attention,10,-0.2169,0.446,-0.4707,0.3844,0.0615,0.2538,-0.0209,0.4948,0.4948
topaneu_center1_mr_028,integrated_gradients,1,-0.2169,0.446,0.0664,0.5166,-0.0706,-0.2833,-0.5058,0.3762,0.3762
topaneu_center1_mr_028,integrated_gradients,5,-0.2169,0.446,-1.1375,0.2428,0.2032,0.9206,-0.0757,0.4811,0.4811
topaneu_center1_mr_028,integrated_gradients,10,-0.2169,0.446,-0.0433,0.4892,-0.0432,-0.1736,0.3162,0.5784,0.5784
topaneu_center1_mr_028,random_control,1,-0.2169,0.446,-0.3922,0.4032,0.0428,0.1752,-1.104,0.249,0.249
topaneu_center1_mr_028,random_control,5,-0.2169,0.446,-0.5751,0.3601,0.0859,0.3582,-1.2968,0.2147,0.2147
topaneu_center1_mr_028,random_control,10,-0.2169,0.446,-0.3974,0.4019,0.044,0.1805,-1.1326,0.2437,0.2437
topaneu_center1_mr_033,gradcam,1,4.246,0.9859,4.2067,0.9853,0.0006,0.0393,4.541,0.9894,0.9894
topaneu_center1_mr_033,gradcam,5,4.246,0.9859,4.2424,0.9858,0.0001,0.0036,-0.1094,0.4727,0.4727
topaneu_center1_mr_033,gradcam,10,4.246,0.9859,3.6976,0.9758,0.0101,0.5484,0.5813,0.6414,0.6414
topaneu_center1_mr_033,cross_attention,1,4.246,0.9859,2.0001,0.8808,0.1051,2.2459,0.7227,0.6732,0.6732
topaneu_center1_mr_033,cross_attention,5,4.246,0.9859,0.9813,0.7274,0.2585,3.2647,2.6628,0.9348,0.9348
topaneu_center1_mr_033,cross_attention,10,4.246,0.9859,-0.8318,0.3033,0.6826,5.0778,0.2855,0.5709,0.5709
topaneu_center1_mr_033,integrated_gradients,1,4.246,0.9859,1.9955,0.8803,0.1056,2.2505,0.6854,0.665,0.665
topaneu_center1_mr_033,integrated_gradients,5,4.246,0.9859,1.3641,0.7964,0.1894,2.8819,-1.1798,0.2351,0.2351
topaneu_center1_mr_033,integrated_gradients,10,4.246,0.9859,0.6274,0.6519,0.334,3.6186,3.5543,0.9722,0.9722
topaneu_center1_mr_033,random_control,1,4.246,0.9859,4.0239,0.9824,0.0035,0.2221,-1.3301,0.2091,0.2091
topaneu_center1_mr_033,random_control,5,4.246,0.9859,3.5952,0.9733,0.0126,0.6508,-1.0124,0.2665,0.2665
topaneu_center1_mr_033,random_control,10,4.246,0.9859,3.3287,0.9654,0.0205,0.9173,-0.2915,0.4276,0.4276
topaneu_center1_mr_056,gradcam,1,1.5196,0.8205,1.5265,0.8215,-0.001,-0.0069,-0.0003,0.4999,0.4999
topaneu_center1_mr_056,gradcam,5,1.5196,0.8205,1.9984,0.8806,-0.0602,-0.4788,-0.7811,0.3141,0.3141
topaneu_center1_mr_056,gradcam,10,1.5196,0.8205,2.0292,0.8838,-0.0634,-0.5096,-1.3515,0.2056,0.2056
topaneu_center1_mr_056,cross_attention,1,1.5196,0.8205,1.5599,0.8263,-0.0059,-0.0403,1.0841,0.7473,0.7473
topaneu_center1_mr_056,cross_attention,5,1.5196,0.8205,-1.6447,0.1618,0.6587,3.1643,0.8959,0.7101,0.7101
topaneu_center1_mr_056,cross_attention,10,1.5196,0.8205,-1.7319,0.1503,0.6701,3.2515,1.6474,0.8385,0.8385
topaneu_center1_mr_056,integrated_gradients,1,1.5196,0.8205,1.6804,0.843,-0.0225,-0.1608,1.0429,0.7394,0.7394
topaneu_center1_mr_056,integrated_gradients,5,1.5196,0.8205,-1.503,0.182,0.6385,3.0226,1.0972,0.7497,0.7497
topaneu_center1_mr_056,integrated_gradients,10,1.5196,0.8205,-1.4058,0.1969,0.6236,2.9254,1.112,0.7525,0.7525
topaneu_center1_mr_056,random_control,1,1.5196,0.8205,1.7023,0.8458,-0.0254,-0.1828,-1.6055,0.1672,0.1672
topaneu_center1_mr_056,random_control,5,1.5196,0.8205,1.765,0.8538,-0.0334,-0.2454,-1.4526,0.1896,0.1896
topaneu_center1_mr_056,random_control,10,1.5196,0.8205,1.7837,0.8562,-0.0357,-0.2641,-1.1624,0.2382,0.2382
topaneu_center1_mr_085,gradcam,1,-1.9679,0.1226,-1.4475,0.1904,-0.0678,-0.5204,-0.2214,0.4449,0.4449
topaneu_center1_mr_085,gradcam,5,-1.9679,0.1226,-0.4316,0.3938,-0.2711,-1.5363,-0.707,0.3303,0.3303
topaneu_center1_mr_085,gradcam,10,-1.9679,0.1226,-1.3094,0.2126,-0.09,-0.6585,-0.1871,0.4534,0.4534
topaneu_center1_mr_085,cross_attention,1,-1.9679,0.1226,4.8667,0.9924,-0.8697,-6.8346,-0.7556,0.3196,0.3196
topaneu_center1_mr_085,cross_attention,5,-1.9679,0.1226,-1.2723,0.2189,-0.0963,-0.6956,0.1695,0.5423,0.5423
topaneu_center1_mr_085,cross_attention,10,-1.9679,0.1226,-1.6931,0.1554,-0.0327,-0.2748,0.7708,0.6837,0.6837
topaneu_center1_mr_085,integrated_gradients,1,-1.9679,0.1226,1.3009,0.786,-0.6634,-3.2688,0.8638,0.7035,0.7035
topaneu_center1_mr_085,integrated_gradients,5,-1.9679,0.1226,-1.4705,0.1869,-0.0643,-0.4974,0.8688,0.7045,0.7045
topaneu_center1_mr_085,integrated_gradients,10,-1.9679,0.1226,-0.038,0.4905,-0.3679,-1.9299,2.0411,0.885,0.885
topaneu_center1_mr_085,random_control,1,-1.9679,0.1226,-1.9398,0.1257,-0.0031,-0.0281,-1.7261,0.1511,0.1511
topaneu_center1_mr_085,random_control,5,-1.9679,0.1226,-1.962,0.1233,-0.0006,-0.0059,-1.6766,0.1575,0.1575
topaneu_center1_mr_085,random_control,10,-1.9679,0.1226,-1.9776,0.1216,0.001,0.0097,-1.9642,0.123,0.123
topaneu_center1_mr_113,gradcam,1,-1.2817,0.2173,-0.8123,0.3074,-0.0901,-0.4694,-1.6745,0.1578,0.1578
topaneu_center1_mr_113,gradcam,5,-1.2817,0.2173,-0.0926,0.4769,-0.2596,-1.1891,-0.9628,0.2763,0.2763
topaneu_center1_mr_113,gradcam,10,-1.2817,0.2173,-0.6538,0.3421,-0.1249,-0.628,0.4524,0.6112,0.6112
topaneu_center1_mr_113,cross_attention,1,-1.2817,0.2173,-1.4987,0.1826,0.0346,0.217,0.0647,0.5162,0.5162
topaneu_center1_mr_113,cross_attention,5,-1.2817,0.2173,0.0018,0.5005,-0.2832,-1.2835,1.5861,0.8301,0.8301
topaneu_center1_mr_113,cross_attention,10,-1.2817,0.2173,-0.0986,0.4754,-0.2581,-1.1831,1.7545,0.8525,0.8525
topaneu_center1_mr_113,integrated_gradients,1,-1.2817,0.2173,-1.6905,0.1557,0.0616,0.4088,0.7155,0.6716,0.6716
topaneu_center1_mr_113,integrated_gradients,5,-1.2817,0.2173,-0.1562,0.461,-0.2438,-1.1255,0.5577,0.6359,0.6359
topaneu_center1_mr_113,integrated_gradients,10,-1.2817,0.2173,-1.0209,0.2649,-0.0476,-0.2608,1.1176,0.7535,0.7535
topaneu_center1_mr_113,random_control,1,-1.2817,0.2173,-1.1818,0.2347,-0.0175,-0.0999,-1.7788,0.1444,0.1444
topaneu_center1_mr_113,random_control,5,-1.2817,0.2173,-1.1736,0.2362,-0.0189,-0.1081,-1.2947,0.2151,0.2151
topaneu_center1_mr_113,random_control,10,-1.2817,0.2173,-0.915,0.286,-0.0687,-0.3667,-0.9149,0.286,0.286
topaneu_center1_mr_129,gradcam,1,2.9332,0.9495,2.9071,0.9482,0.0013,0.0261,-0.8998,0.2891,0.2891
topaneu_center1_mr_129,gradcam,5,2.9332,0.9495,2.8042,0.9429,0.0066,0.1289,4.5803,0.9899,0.9899
topaneu_center1_mr_129,gradcam,10,2.9332,0.9495,2.4624,0.9215,0.028,0.4707,-1.5987,0.1682,0.1682
topaneu_center1_mr_129,cross_attention,1,2.9332,0.9495,-0.2728,0.4322,0.5172,3.206,0.1419,0.5354,0.5354
topaneu_center1_mr_129,cross_attention,5,2.9332,0.9495,-0.4389,0.392,0.5574,3.372,0.5294,0.6294,0.6294
topaneu_center1_mr_129,cross_attention,10,2.9332,0.9495,-0.3958,0.4023,0.5471,3.3289,0.5861,0.6425,0.6425
topaneu_center1_mr_129,integrated_gradients,1,2.9332,0.9495,-0.2364,0.4412,0.5083,3.1696,0.4689,0.6151,0.6151
topaneu_center1_mr_129,integrated_gradients,5,2.9332,0.9495,-0.6589,0.341,0.6085,3.5921,0.4523,0.6112,0.6112
topaneu_center1_mr_129,integrated_gradients,10,2.9332,0.9495,-1.9867,0.1206,0.8289,4.9198,1.692,0.8445,0.8445
topaneu_center1_mr_129,random_control,1,2.9332,0.9495,3.0148,0.9532,-0.0038,-0.0817,-1.5052,0.1817,0.1817
topaneu_center1_mr_129,random_control,5,2.9332,0.9495,3.0182,0.9534,-0.0039,-0.0851,-1.2842,0.2168,0.2168
topaneu_center1_mr_129,random_control,10,2.9332,0.9495,2.7079,0.9375,0.012,0.2252,1.3012,0.786,0.786
topaneu_center1_mr_148,gradcam,1,0.6291,0.6523,0.563,0.6372,0.0151,0.0661,1.9617,0.8767,0.8767
topaneu_center1_mr_148,gradcam,5,0.6291,0.6523,0.8256,0.6954,-0.0431,-0.1965,-0.0661,0.4835,0.4835
topaneu_center1_mr_148,gradcam,10,0.6291,0.6523,1.0555,0.7418,-0.0895,-0.4264,0.1326,0.5331,0.5331
topaneu_center1_mr_148,cross_attention,1,0.6291,0.6523,-1.4862,0.1845,0.4678,2.1153,-0.1174,0.4707,0.4707
topaneu_center1_mr_148,cross_attention,5,0.6291,0.6523,-0.5002,0.3775,0.2748,1.1294,0.8622,0.7031,0.7031
topaneu_center1_mr_148,cross_attention,10,0.6291,0.6523,-0.2123,0.4471,0.2052,0.8414,-0.5879,0.3571,0.3571
topaneu_center1_mr_148,integrated_gradients,1,0.6291,0.6523,-0.8418,0.3011,0.3511,1.471,0.1392,0.5348,0.5348
topaneu_center1_mr_148,integrated_gradients,5,0.6291,0.6523,-0.6596,0.3408,0.3115,1.2887,0.451,0.6109,0.6109
topaneu_center1_mr_148,integrated_gradients,10,0.6291,0.6523,-1.0505,0.2591,0.3932,1.6797,-0.4115,0.3986,0.3986
topaneu_center1_mr_148,random_control,1,0.6291,0.6523,0.477,0.617,0.0353,0.1522,-1.4684,0.1872,0.1872
topaneu_center1_mr_148,random_control,5,0.6291,0.6523,0.56,0.6364,0.0158,0.0692,-1.5231,0.179,0.179
topaneu_center1_mr_148,random_control,10,0.6291,0.6523,0.5963,0.6448,0.0075,0.0328,-1.6555,0.1604,0.1604
topaneu_center1_mr_177,gradcam,1,-0.9764,0.2736,-0.9409,0.2807,-0.0071,-0.0355,-0.6357,0.3462,0.3462
topaneu_center1_mr_177,gradcam,5,-0.9764,0.2736,-1.0256,0.2639,0.0097,0.0492,-1.2494,0.2228,0.2228
topaneu_center1_mr_177,gradcam,10,-0.9764,0.2736,0.0597,0.5149,-0.2413,-1.0361,-0.8591,0.2975,0.2975
topaneu_center1_mr_177,cross_attention,1,-0.9764,0.2736,2.2976,0.9087,-0.6351,-3.274,0.2228,0.5555,0.5555
topaneu_center1_mr_177,cross_attention,5,-0.9764,0.2736,-1.4416,0.1913,0.0823,0.4652,-0.2998,0.4256,0.4256
topaneu_center1_mr_177,cross_attention,10,-0.9764,0.2736,-0.5662,0.3621,-0.0885,-0.4102,-0.6315,0.3472,0.3472
topaneu_center1_mr_177,integrated_gradients,1,-0.9764,0.2736,1.5352,0.8228,-0.5492,-2.5116,1.6095,0.8333,0.8333
topaneu_center1_mr_177,integrated_gradients,5,-0.9764,0.2736,-1.3777,0.2014,0.0722,0.4013,0.7314,0.6751,0.6751
topaneu_center1_mr_177,integrated_gradients,10,-0.9764,0.2736,0.4055,0.6,-0.3264,-1.3819,1.2182,0.7717,0.7717
topaneu_center1_mr_177,random_control,1,-0.9764,0.2736,-0.8651,0.2963,-0.0227,-0.1113,-1.3615,0.204,0.204
topaneu_center1_mr_177,random_control,5,-0.9764,0.2736,-0.6624,0.3402,-0.0666,-0.314,-1.6024,0.1677,0.1677
topaneu_center1_mr_177,random_control,10,-0.9764,0.2736,-0.557,0.3642,-0.0906,-0.4194,-0.2699,0.4329,0.4329
topaneu_center1_mr_184,gradcam,1,-1.1655,0.2377,-0.7599,0.3187,-0.081,-0.4056,-1.8405,0.137,0.137
topaneu_center1_mr_184,gradcam,5,-1.1655,0.2377,-0.482,0.3818,-0.1441,-0.6836,-0.9254,0.2839,0.2839
topaneu_center1_mr_184,gradcam,10,-1.1655,0.2377,-0.4843,0.3812,-0.1436,-0.6812,0.2078,0.5518,0.5518
topaneu_center1_mr_184,cross_attention,1,-1.1655,0.2377,-0.3446,0.4147,-0.177,-0.8209,-1.8412,0.1369,0.1369
topaneu_center1_mr_184,cross_attention,5,-1.1655,0.2377,-0.8671,0.2959,-0.0582,-0.2984,-1.5996,0.168,0.168
topaneu_center1_mr_184,cross_attention,10,-1.1655,0.2377,-0.3483,0.4138,-0.1761,-0.8172,-0.9416,0.2806,0.2806
topaneu_center1_mr_184,integrated_gradients,1,-1.1655,0.2377,1.8691,0.8663,-0.6287,-3.0346,-0.2695,0.433,0.433
topaneu_center1_mr_184,integrated_gradients,5,-1.1655,0.2377,-0.7883,0.3125,-0.0749,-0.3772,0.9821,0.7275,0.7275
topaneu_center1_mr_184,integrated_gradients,10,-1.1655,0.2377,-1.8522,0.1356,0.1021,0.6867,-0.3975,0.4019,0.4019
topaneu_center1_mr_184,random_control,1,-1.1655,0.2377,-1.237,0.225,0.0127,0.0715,-1.678,0.1574,0.1574
topaneu_center1_mr_184,random_control,5,-1.1655,0.2377,-1.1934,0.2326,0.005,0.0279,-0.7577,0.3191,0.3191
topaneu_center1_mr_184,random_control,10,-1.1655,0.2377,-0.7939,0.3113,-0.0737,-0.3716,0.421,0.6037,0.6037
topaneu_center1_mr_191,gradcam,1,0.5334,0.6303,0.5031,0.6232,0.0071,0.0303,0.6109,0.6481,0.6481
topaneu_center1_mr_191,gradcam,5,0.5334,0.6303,0.4311,0.6061,0.0241,0.1023,-0.7342,0.3243,0.3243
topaneu_center1_mr_191,gradcam,10,0.5334,0.6303,0.3796,0.5938,0.0365,0.1538,-0.7962,0.3108,0.3108
topaneu_center1_mr_191,cross_attention,1,0.5334,0.6303,-1.4578,0.1888,0.4415,1.9911,-0.1667,0.4584,0.4584
topaneu_center1_mr_191,cross_attention,5,0.5334,0.6303,0.0934,0.5233,0.1069,0.44,0.4171,0.6028,0.6028
topaneu_center1_mr_191,cross_attention,10,0.5334,0.6303,0.6546,0.658,-0.0278,-0.1212,-0.4592,0.3872,0.3872
topaneu_center1_mr_191,integrated_gradients,1,0.5334,0.6303,-1.4624,0.1881,0.4422,1.9958,0.0831,0.5208,0.5208
topaneu_center1_mr_191,integrated_gradients,5,0.5334,0.6303,0.451,0.6109,0.0194,0.0824,0.3233,0.5801,0.5801
topaneu_center1_mr_191,integrated_gradients,10,0.5334,0.6303,-0.7166,0.3281,0.3021,1.25,1.2365,0.775,0.775
topaneu_center1_mr_191,random_control,1,0.5334,0.6303,0.4655,0.6143,0.016,0.0679,-1.7253,0.1512,0.1512
topaneu_center1_mr_191,random_control,5,0.5334,0.6303,0.3598,0.589,0.0413,0.1736,0.0196,0.5049,0.5049
topaneu_center1_mr_191,random_control,10,0.5334,0.6303,0.4025,0.5993,0.031,0.1309,-0.9881,0.2713,0.2713
topaneu_center1_mr_198,gradcam,1,4.5555,0.9896,4.5837,0.9899,-0.0003,-0.0282,-0.6426,0.3447,0.3447
topaneu_center1_mr_198,gradcam,5,4.5555,0.9896,4.5026,0.989,0.0006,0.0529,3.0166,0.9533,0.9533
topaneu_center1_mr_198,gradcam,10,4.5555,0.9896,4.5611,0.9897,-0.0001,-0.0056,-1.2048,0.2306,0.2306
topaneu_center1_mr_198,cross_attention,1,4.5555,0.9896,1.5799,0.8292,0.1604,2.9756,2.5964,0.9306,0.9306
topaneu_center1_mr_198,cross_attention,5,4.5555,0.9896,-0.8533,0.2987,0.6909,5.4088,-0.2467,0.4386,0.4386
topaneu_center1_mr_198,cross_attention,10,4.5555,0.9896,-1.1271,0.2447,0.7449,5.6826,-0.6789,0.3365,0.3365
topaneu_center1_mr_198,integrated_gradients,1,4.5555,0.9896,0.3932,0.597,0.3926,4.1623,1.2286,0.7736,0.7736
topaneu_center1_mr_198,integrated_gradients,5,4.5555,0.9896,0.897,0.7103,0.2793,3.6585,-0.002,0.4995,0.4995
topaneu_center1_mr_198,integrated_gradients,10,4.5555,0.9896,-0.1383,0.4655,0.5241,4.6938,2.8263,0.9441,0.9441
topaneu_center1_mr_198,random_control,1,4.5555,0.9896,4.3581,0.9874,0.0022,0.1974,-1.5603,0.1736,0.1736
topaneu_center1_mr_198,random_control,5,4.5555,0.9896,4.0453,0.9828,0.0068,0.5101,-1.2458,0.2234,0.2234
topaneu_center1_mr_198,random_control,10,4.5555,0.9896,4.01,0.9822,0.0074,0.5455,-1.3501,0.2058,0.2058
topaneu_center1_mr_200,gradcam,1,1.4594,0.8114,1.4407,0.8086,0.0029,0.0187,1.6493,0.8388,0.8388
topaneu_center1_mr_200,gradcam,5,1.4594,0.8114,1.428,0.8066,0.0049,0.0314,0.1775,0.5443,0.5443
topaneu_center1_mr_200,gradcam,10,1.4594,0.8114,1.3455,0.7934,0.018,0.1139,-1.4031,0.1973,0.1973
topaneu_center1_mr_200,cross_attention,1,1.4594,0.8114,1.9658,0.8772,-0.0657,-0.5063,-0.457,0.3877,0.3877
topaneu_center1_mr_200,cross_attention,5,1.4594,0.8114,-1.2656,0.22,0.5914,2.725,0.9031,0.7116,0.7116
topaneu_center1_mr_200,cross_attention,10,1.4594,0.8114,-0.1131,0.4718,0.3397,1.5725,0.3552,0.5879,0.5879
topaneu_center1_mr_200,integrated_gradients,1,1.4594,0.8114,2.1917,0.8995,-0.0881,-0.7323,-0.3982,0.4018,0.4018
topaneu_center1_mr_200,integrated_gradients,5,1.4594,0.8114,-0.9488,0.2791,0.5323,2.4082,-0.3999,0.4013,0.4013
topaneu_center1_mr_200,integrated_gradients,10,1.4594,0.8114,-1.0696,0.2555,0.556,2.529,1.01,0.733,0.733
topaneu_center1_mr_200,random_control,1,1.4594,0.8114,1.4692,0.8129,-0.0015,-0.0098,-1.8082,0.1409,0.1409
topaneu_center1_mr_200,random_control,5,1.4594,0.8114,1.3352,0.7917,0.0197,0.1242,-1.0628,0.2568,0.2568
topaneu_center1_mr_200,random_control,10,1.4594,0.8114,1.3831,0.7995,0.012,0.0763,0.8382,0.6981,0.6981
topaneu_center1_mr_210,gradcam,1,-0.7299,0.3252,-0.6032,0.3536,-0.0284,-0.1267,0.9146,0.7139,0.7139
topaneu_center1_mr_210,gradcam,5,-0.7299,0.3252,-0.4409,0.3915,-0.0663,-0.289,1.1738,0.7638,0.7638
topaneu_center1_mr_210,gradcam,10,-0.7299,0.3252,0.3555,0.5879,-0.2627,-1.0854,-1.0592,0.2575,0.2575
topaneu_center1_mr_210,cross_attention,1,-0.7299,0.3252,-0.4614,0.3867,-0.0614,-0.2685,-0.6658,0.3394,0.3394
topaneu_center1_mr_210,cross_attention,5,-0.7299,0.3252,-1.4795,0.1855,0.1397,0.7495,4.3634,0.9874,0.9874
topaneu_center1_mr_210,cross_attention,10,-0.7299,0.3252,-1.155,0.2396,0.0856,0.4251,-0.6678,0.339,0.339
topaneu_center1_mr_210,integrated_gradients,1,-0.7299,0.3252,-0.9289,0.2832,0.0421,0.1989,-0.9642,0.276,0.276
topaneu_center1_mr_210,integrated_gradients,5,-0.7299,0.3252,-1.4133,0.1957,0.1295,0.6833,-1.0823,0.2531,0.2531
topaneu_center1_mr_210,integrated_gradients,10,-0.7299,0.3252,-1.9083,0.1292,0.196,1.1784,1.1675,0.7627,0.7627
topaneu_center1_mr_210,random_control,1,-0.7299,0.3252,-0.694,0.3332,-0.0079,-0.036,-1.6367,0.1629,0.1629
topaneu_center1_mr_210,random_control,5,-0.7299,0.3252,-0.3523,0.4128,-0.0876,-0.3776,-1.0859,0.2524,0.2524
topaneu_center1_mr_210,random_control,10,-0.7299,0.3252,-0.1461,0.4635,-0.1383,-0.5838,-1.1962,0.2322,0.2322
topaneu_center1_mr_262,gradcam,1,1.8445,0.8635,1.8758,0.8671,-0.0036,-0.0313,1.0915,0.7487,0.7487
topaneu_center1_mr_262,gradcam,5,1.8445,0.8635,1.9393,0.8743,-0.0108,-0.0948,2.1595,0.8966,0.8966
topaneu_center1_mr_262,gradcam,10,1.8445,0.8635,1.8773,0.8673,-0.0038,-0.0328,3.2762,0.9636,0.9636
topaneu_center1_mr_262,cross_attention,1,1.8445,0.8635,1.5954,0.8314,0.0321,0.2491,0.5231,0.6279,0.6279
topaneu_center1_mr_262,cross_attention,5,1.8445,0.8635,1.6522,0.8392,0.0243,0.1923,0.6099,0.6479,0.6479
topaneu_center1_mr_262,cross_attention,10,1.8445,0.8635,-0.4513,0.389,0.4744,2.2958,0.6125,0.6485,0.6485
topaneu_center1_mr_262,integrated_gradients,1,1.8445,0.8635,1.5509,0.8251,0.0384,0.2936,1.1776,0.7645,0.7645
topaneu_center1_mr_262,integrated_gradients,5,1.8445,0.8635,-0.655,0.3419,0.5216,2.4995,0.5773,0.6404,0.6404
topaneu_center1_mr_262,integrated_gradients,10,1.8445,0.8635,-0.5774,0.3595,0.504,2.4219,1.9022,0.8701,0.8701
topaneu_center1_mr_262,random_control,1,1.8445,0.8635,1.8175,0.8603,0.0032,0.027,-1.5888,0.1696,0.1696
topaneu_center1_mr_262,random_control,5,1.8445,0.8635,1.5503,0.825,0.0385,0.2942,-1.4148,0.1955,0.1955
topaneu_center1_mr_262,random_control,10,1.8445,0.8635,2.161,0.8967,-0.0332,-0.3165,-0.2017,0.4497,0.4497
topaneu_center1_mr_308,gradcam,1,0.0564,0.5141,0.1321,0.533,-0.0189,-0.0757,1.2189,0.7719,0.7719
topaneu_center1_mr_308,gradcam,5,0.0564,0.5141,0.115,0.5287,-0.0146,-0.0586,3.2965,0.9643,0.9643
topaneu_center1_mr_308,gradcam,10,0.0564,0.5141,-0.0774,0.4807,0.0334,0.1337,1.6193,0.8347,0.8347
topaneu_center1_mr_308,cross_attention,1,0.0564,0.5141,0.1211,0.5302,-0.0161,-0.0647,0.5597,0.6364,0.6364
topaneu_center1_mr_308,cross_attention,5,0.0564,0.5141,2.3739,0.9148,-0.4007,-2.3176,0.8752,0.7058,0.7058
topaneu_center1_mr_308,cross_attention,10,0.0564,0.5141,-1.0137,0.2663,0.2478,1.07,0.3899,0.5963,0.5963
topaneu_center1_mr_308,integrated_gradients,1,0.0564,0.5141,0.4118,0.6015,-0.0874,-0.3554,0.7244,0.6736,0.6736
topaneu_center1_mr_308,integrated_gradients,5,0.0564,0.5141,1.0369,0.7383,-0.2242,-0.9805,0.6318,0.6529,0.6529
topaneu_center1_mr_308,integrated_gradients,10,0.0564,0.5141,1.6056,0.8328,-0.3187,-1.5492,0.3337,0.5827,0.5827
topaneu_center1_mr_308,random_control,1,0.0564,0.5141,0.0912,0.5228,-0.0087,-0.0348,-1.7106,0.1531,0.1531
topaneu_center1_mr_308,random_control,5,0.0564,0.5141,0.076,0.519,-0.0049,-0.0196,-1.2842,0.2168,0.2168
topaneu_center1_mr_308,random_control,10,0.0564,0.5141,0.3454,0.5855,-0.0714,-0.2891,-0.44,0.3917,0.3917
topaneu_center1_mr_325,gradcam,1,2.2673,0.9061,2.174,0.8979,0.0082,0.0933,0.8446,0.6994,0.6994
topaneu_center1_mr_325,gradcam,5,2.2673,0.9061,2.4258,0.9188,-0.0126,-0.1585,0.4077,0.6005,0.6005
topaneu_center1_mr_325,gradcam,10,2.2673,0.9061,2.4415,0.9199,-0.0138,-0.1742,-0.1367,0.4659,0.4659
topaneu_center1_mr_325,cross_attention,1,2.2673,0.9061,0.2053,0.5511,0.355,2.062,2.3544,0.9133,0.9133
topaneu_center1_mr_325,cross_attention,5,2.2673,0.9061,1.3406,0.7926,0.1135,0.9267,1.4772,0.8141,0.8141
topaneu_center1_mr_325,cross_attention,10,2.2673,0.9061,0.4238,0.6044,0.3017,1.8435,-0.529,0.3708,0.3708
topaneu_center1_mr_325,integrated_gradients,1,2.2673,0.9061,0.5939,0.6443,0.2619,1.6734,0.2204,0.5549,0.5549
topaneu_center1_mr_325,integrated_gradients,5,2.2673,0.9061,1.9293,0.8732,0.033,0.3381,1.0655,0.7437,0.7437
topaneu_center1_mr_325,integrated_gradients,10,2.2673,0.9061,-1.2383,0.2247,0.6814,3.5056,-0.6999,0.3318,0.3318
topaneu_center1_mr_325,random_control,1,2.2673,0.9061,2.2309,0.903,0.0031,0.0364,-1.7467,0.1485,0.1485
topaneu_center1_mr_325,random_control,5,2.2673,0.9061,2.4863,0.9232,-0.017,-0.219,-1.5532,0.1746,0.1746
topaneu_center1_mr_325,random_control,10,2.2673,0.9061,2.6187,0.9321,-0.0259,-0.3514,-1.6876,0.1561,0.1561
topaneu_center1_mr_342,gradcam,1,0.6126,0.6485,0.8114,0.6924,-0.0439,-0.1988,-0.7358,0.3239,0.3239
topaneu_center1_mr_342,gradcam,5,0.6126,0.6485,0.8887,0.7086,-0.0601,-0.2761,-0.9149,0.286,0.286
topaneu_center1_mr_342,gradcam,10,0.6126,0.6485,0.6169,0.6495,-0.001,-0.0043,-0.6018,0.3539,0.3539
topaneu_center1_mr_342,cross_attention,1,0.6126,0.6485,-1.7928,0.1427,0.5058,2.4053,0.1425,0.5356,0.5356
topaneu_center1_mr_342,cross_attention,5,0.6126,0.6485,0.2202,0.5548,0.0937,0.3923,-0.8219,0.3054,0.3054
topaneu_center1_mr_342,cross_attention,10,0.6126,0.6485,1.3027,0.7863,-0.1378,-0.6901,-1.9903,0.1202,0.1202
topaneu_center1_mr_342,integrated_gradients,1,0.6126,0.6485,-1.9805,0.1213,0.5273,2.593,0.9369,0.7185,0.7185
topaneu_center1_mr_342,integrated_gradients,5,0.6126,0.6485,-0.0198,0.4951,0.1535,0.6323,-1.3678,0.203,0.203
topaneu_center1_mr_342,integrated_gradients,10,0.6126,0.6485,-1.703,0.1541,0.4945,2.3156,-1.918,0.1281,0.1281
topaneu_center1_mr_342,random_control,1,0.6126,0.6485,0.3531,0.5874,0.0612,0.2594,-1.5873,0.1698,0.1698
topaneu_center1_mr_342,random_control,5,0.6126,0.6485,-0.7105,0.3295,0.319,1.3231,0.7051,0.6693,0.6693
topaneu_center1_mr_342,random_control,10,0.6126,0.6485,-1.1618,0.2383,0.4102,1.7743,1.7299,0.8494,0.8494
topaneu_center1_mr_528,gradcam,1,0.5427,0.6324,0.549,0.6339,-0.0015,-0.0063,0.3912,0.5966,0.5966
topaneu_center1_mr_528,gradcam,5,0.5427,0.6324,0.6071,0.6473,-0.0148,-0.0644,-0.2579,0.4359,0.4359
topaneu_center1_mr_528,gradcam,10,0.5427,0.6324,0.6341,0.6534,-0.021,-0.0915,-0.5494,0.366,0.366
topaneu_center1_mr_528,cross_attention,1,0.5427,0.6324,0.0716,0.5179,0.1145,0.471,0.1659,0.5414,0.5414
topaneu_center1_mr_528,cross_attention,5,0.5427,0.6324,1.3796,0.7989,-0.1665,-0.8369,0.5166,0.6263,0.6263
topaneu_center1_mr_528,cross_attention,10,0.5427,0.6324,-1.6054,0.1672,0.4652,2.1481,1.4567,0.811,0.811
topaneu_center1_mr_528,integrated_gradients,1,0.5427,0.6324,0.3333,0.5826,0.0499,0.2093,0.5336,0.6303,0.6303
topaneu_center1_mr_528,integrated_gradients,5,0.5427,0.6324,-1.2101,0.2297,0.4028,1.7528,0.1011,0.5253,0.5253
topaneu_center1_mr_528,integrated_gradients,10,0.5427,0.6324,-1.7843,0.1438,0.4887,2.327,1.5288,0.8218,0.8218
topaneu_center1_mr_528,random_control,1,0.5427,0.6324,0.4511,0.6109,0.0215,0.0916,-1.1749,0.236,0.236
topaneu_center1_mr_528,random_control,5,0.5427,0.6324,0.6093,0.6478,-0.0153,-0.0666,-1.0715,0.2551,0.2551
topaneu_center1_mr_528,random_control,10,0.5427,0.6324,0.4207,0.6037,0.0288,0.1219,-1.2738,0.2186,0.2186
topaneu_center1_mr_682,gradcam,1,-0.0248,0.4938,0.1617,0.5403,-0.0465,-0.1865,1.6543,0.8395,0.8395
topaneu_center1_mr_682,gradcam,5,-0.0248,0.4938,0.2304,0.5573,-0.0635,-0.2551,-0.1495,0.4627,0.4627
topaneu_center1_mr_682,gradcam,10,-0.0248,0.4938,1.0539,0.7415,-0.2477,-1.0787,0.9602,0.7232,0.7232
topaneu_center1_mr_682,cross_attention,1,-0.0248,0.4938,-0.4318,0.3937,0.1001,0.407,2.8577,0.9457,0.9457
topaneu_center1_mr_682,cross_attention,5,-0.0248,0.4938,1.6324,0.8365,-0.3427,-1.6571,1.2436,0.7762,0.7762
topaneu_center1_mr_682,cross_attention,10,-0.0248,0.4938,-0.6413,0.345,0.1489,0.6165,-1.5794,0.1709,0.1709
topaneu_center1_mr_682,integrated_gradients,1,-0.0248,0.4938,-0.2048,0.449,0.0448,0.18,1.9891,0.8797,0.8797
topaneu_center1_mr_682,integrated_gradients,5,-0.0248,0.4938,-1.501,0.1823,0.3115,1.4763,0.3929,0.597,0.597
topaneu_center1_mr_682,integrated_gradients,10,-0.0248,0.4938,-0.4145,0.3978,0.096,0.3897,-1.3501,0.2059,0.2059
topaneu_center1_mr_682,random_control,1,-0.0248,0.4938,0.2068,0.5515,-0.0577,-0.2315,-1.6964,0.1549,0.1549
topaneu_center1_mr_682,random_control,5,-0.0248,0.4938,0.0953,0.5238,-0.03,-0.1201,-1.5136,0.1804,0.1804
topaneu_center1_mr_682,random_control,10,-0.0248,0.4938,0.3901,0.5963,-0.1025,-0.4149,-1.4669,0.1874,0.1874
topaneu_center1_mr_789,gradcam,1,0.4233,0.6043,0.5078,0.6243,-0.02,-0.0845,0.4773,0.6171,0.6171
topaneu_center1_mr_789,gradcam,5,0.4233,0.6043,0.5438,0.6327,-0.0284,-0.1205,0.1276,0.5319,0.5319
topaneu_center1_mr_789,gradcam,10,0.4233,0.6043,0.7628,0.682,-0.0777,-0.3395,-0.404,0.4003,0.4003
topaneu_center1_mr_789,cross_attention,1,0.4233,0.6043,1.4399,0.8084,-0.2042,-1.0166,0.8357,0.6976,0.6976
topaneu_center1_mr_789,cross_attention,5,0.4233,0.6043,1.2521,0.7777,-0.1734,-0.8288,-0.7454,0.3218,0.3218
topaneu_center1_mr_789,cross_attention,10,0.4233,0.6043,-1.5636,0.1731,0.4311,1.9869,-0.2321,0.4422,0.4422
topaneu_center1_mr_789,integrated_gradients,1,0.4233,0.6043,2.3465,0.9127,-0.3084,-1.9232,1.2759,0.7817,0.7817
topaneu_center1_mr_789,integrated_gradients,5,0.4233,0.6043,0.9591,0.7229,-0.1187,-0.5358,0.1855,0.5462,0.5462
topaneu_center1_mr_789,integrated_gradients,10,0.4233,0.6043,-1.6267,0.1643,0.44,2.0499,0.065,0.5162,0.5162
topaneu_center1_mr_789,random_control,1,0.4233,0.6043,0.4677,0.6148,-0.0106,-0.0444,-1.6949,0.1551,0.1551
topaneu_center1_mr_789,random_control,5,0.4233,0.6043,0.5317,0.6299,-0.0256,-0.1084,-1.3773,0.2014,0.2014
topaneu_center1_mr_789,random_control,10,0.4233,0.6043,0.3155,0.5782,0.026,0.1078,4.4845,0.9888,0.9888
topaneu_center1_mr_892,gradcam,1,1.6058,0.8328,1.5829,0.8296,0.0032,0.0229,1.8952,0.8693,0.8693
topaneu_center1_mr_892,gradcam,5,1.6058,0.8328,1.4698,0.813,0.0198,0.136,0.3159,0.5783,0.5783
topaneu_center1_mr_892,gradcam,10,1.6058,0.8328,1.5414,0.8237,0.0092,0.0644,-0.2356,0.4414,0.4414
topaneu_center1_mr_892,cross_attention,1,1.6058,0.8328,4.1966,0.9852,-0.1523,-2.5908,0.8237,0.695,0.695
topaneu_center1_mr_892,cross_attention,5,1.6058,0.8328,-1.0436,0.2604,0.5724,2.6495,0.3658,0.5904,0.5904
topaneu_center1_mr_892,cross_attention,10,1.6058,0.8328,1.989,0.8796,-0.0468,-0.3832,0.1287,0.5321,0.5321
topaneu_center1_mr_892,integrated_gradients,1,1.6058,0.8328,4.4751,0.9887,-0.1559,-2.8693,1.1316,0.7561,0.7561
topaneu_center1_mr_892,integrated_gradients,5,1.6058,0.8328,0.9043,0.7118,0.121,0.7015,0.1529,0.5382,0.5382
topaneu_center1_mr_892,integrated_gradients,10,1.6058,0.8328,2.2828,0.9074,-0.0746,-0.677,0.3522,0.5871,0.5871
topaneu_center1_mr_892,random_control,1,1.6058,0.8328,1.7267,0.849,-0.0162,-0.1209,-1.8175,0.1397,0.1397
topaneu_center1_mr_892,random_control,5,1.6058,0.8328,0.7006,0.6683,0.1645,0.9052,-0.2288,0.443,0.443
topaneu_center1_mr_892,random_control,10,1.6058,0.8328,0.8313,0.6966,0.1362,0.7745,-0.5467,0.3666,0.3666
topaneu_center1_mr_991,gradcam,1,-0.3707,0.4084,-0.3612,0.4107,-0.0023,-0.0095,0.1587,0.5396,0.5396
topaneu_center1_mr_991,gradcam,5,-0.3707,0.4084,0.2171,0.5541,-0.1457,-0.5878,-0.4828,0.3816,0.3816
topaneu_center1_mr_991,gradcam,10,-0.3707,0.4084,0.2516,0.5626,-0.1542,-0.6223,-1.0151,0.266,0.266
topaneu_center1_mr_991,cross_attention,1,-0.3707,0.4084,-1.1189,0.2462,0.1622,0.7482,-1.8427,0.1367,0.1367
topaneu_center1_mr_991,cross_attention,5,-0.3707,0.4084,-1.3211,0.2106,0.1977,0.9504,0.0358,0.509,0.509
topaneu_center1_mr_991,cross_attention,10,-0.3707,0.4084,-1.6766,0.1576,0.2508,1.3059,-1.0733,0.2548,0.2548
topaneu_center1_mr_991,integrated_gradients,1,-0.3707,0.4084,-1.135,0.2432,0.1651,0.7643,-1.8794,0.1325,0.1325
topaneu_center1_mr_991,integrated_gradients,5,-0.3707,0.4084,-1.5208,0.1793,0.229,1.1501,0.5675,0.6382,0.6382
topaneu_center1_mr_991,integrated_gradients,10,-0.3707,0.4084,-1.6125,0.1662,0.2421,1.2418,2.3586,0.9136,0.9136
topaneu_center1_mr_991,random_control,1,-0.3707,0.4084,-0.4793,0.3824,0.0259,0.1086,-1.655,0.1604,0.1604
topaneu_center1_mr_991,random_control,5,-0.3707,0.4084,-0.3287,0.4186,-0.0102,-0.042,-1.3386,0.2077,0.2077
topaneu_center1_mr_991,random_control,10,-0.3707,0.4084,0.1914,0.5477,-0.1393,-0.5621,-0.2339,0.4418,0.4418
topaneu_center2_ct_125,gradcam,1,-1.1169,0.2466,-2.3179,0.0897,0.1569,1.201,-1.1169,0.2466,0.2466
topaneu_center2_ct_125,gradcam,5,-1.1169,0.2466,-2.3179,0.0897,0.1569,1.201,-1.1169,0.2466,0.2466
topaneu_center2_ct_125,gradcam,10,-1.1169,0.2466,-2.3179,0.0897,0.1569,1.201,-1.1169,0.2466,0.2466
topaneu_center2_ct_125,cross_attention,1,-1.1169,0.2466,-1.4929,0.1835,0.0631,0.376,-1.2398,0.2245,0.2245
topaneu_center2_ct_125,cross_attention,5,-1.1169,0.2466,-1.2419,0.2241,0.0225,0.125,2.1895,0.8993,0.8993
topaneu_center2_ct_125,cross_attention,10,-1.1169,0.2466,-0.5118,0.3748,-0.1282,-0.605,0.4182,0.6031,0.6031
topaneu_center2_ct_125,integrated_gradients,1,-1.1169,0.2466,-1.5297,0.178,0.0686,0.4128,2.2374,0.9036,0.9036
topaneu_center2_ct_125,integrated_gradients,5,-1.1169,0.2466,-1.566,0.1728,0.0738,0.4492,-0.4608,0.3868,0.3868
topaneu_center2_ct_125,integrated_gradients,10,-1.1169,0.2466,-1.2429,0.2239,0.0227,0.1261,-0.4024,0.4007,0.4007
topaneu_center2_ct_125,random_control,1,-1.1169,0.2466,-0.7821,0.3139,-0.0673,-0.3348,-2.1256,0.1066,0.1066
topaneu_center2_ct_125,random_control,5,-1.1169,0.2466,-0.0449,0.4888,-0.2422,-1.072,-1.7921,0.1428,0.1428
topaneu_center2_ct_125,random_control,10,-1.1169,0.2466,0.0509,0.5127,-0.2661,-1.1678,-2.135,0.1057,0.1057
topaneu_center2_ct_134,gradcam,1,-2.5271,0.074,-2.1382,0.1054,-0.0315,-0.3889,-1.2712,0.2191,0.2191
topaneu_center2_ct_134,gradcam,5,-2.5271,0.074,-2.0147,0.1177,-0.0437,-0.5124,-1.6044,0.1674,0.1674
topaneu_center2_ct_134,gradcam,10,-2.5271,0.074,-1.9654,0.1229,-0.0489,-0.5617,-0.0153,0.4962,0.4962
topaneu_center2_ct_134,cross_attention,1,-2.5271,0.074,-2.0837,0.1107,-0.0367,-0.4434,-1.1615,0.2384,0.2384
topaneu_center2_ct_134,cross_attention,5,-2.5271,0.074,-1.6839,0.1566,-0.0826,-0.8432,4.919,0.9927,0.9927
topaneu_center2_ct_134,cross_attention,10,-2.5271,0.074,-2.3315,0.0885,-0.0146,-0.1956,0.4342,0.6069,0.6069
topaneu_center2_ct_134,integrated_gradients,1,-2.5271,0.074,-2.5435,0.0729,0.0011,0.0164,2.7522,0.94,0.94
topaneu_center2_ct_134,integrated_gradients,5,-2.5271,0.074,-2.5633,0.0715,0.0024,0.0362,1.3989,0.802,0.802
topaneu_center2_ct_134,integrated_gradients,10,-2.5271,0.074,-2.5736,0.0709,0.0031,0.0465,-0.226,0.4437,0.4437
topaneu_center2_ct_134,random_control,1,-2.5271,0.074,-2.4959,0.0761,-0.0022,-0.0312,-1.7912,0.1429,0.1429
topaneu_center2_ct_134,random_control,5,-2.5271,0.074,-2.3807,0.0847,-0.0107,-0.1465,-1.5617,0.1734,0.1734
topaneu_center2_ct_134,random_control,10,-2.5271,0.074,-2.3701,0.0855,-0.0115,-0.1571,-1.7769,0.1447,0.1447
topaneu_center2_ct_137,gradcam,1,5.8902,0.9972,5.8688,0.9972,0.0001,0.0214,2.3753,0.9149,0.9149
topaneu_center2_ct_137,gradcam,5,5.8902,0.9972,6.0541,0.9977,-0.0004,-0.1639,0.23,0.5573,0.5573
topaneu_center2_ct_137,gradcam,10,5.8902,0.9972,6.3855,0.9983,-0.0011,-0.4953,2.6176,0.932,0.932
topaneu_center2_ct_137,cross_attention,1,5.8902,0.9972,2.6718,0.9353,0.0619,3.2184,2.0104,0.8819,0.8819
topaneu_center2_ct_137,cross_attention,5,5.8902,0.9972,-1.4801,0.1854,0.8118,7.3703,2.5596,0.9282,0.9282
topaneu_center2_ct_137,cross_attention,10,5.8902,0.9972,-1.1934,0.2326,0.7646,7.0836,5.0493,0.9936,0.9936
topaneu_center2_ct_137,integrated_gradients,1,5.8902,0.9972,2.6711,0.9353,0.0619,3.2191,2.0241,0.8833,0.8833
topaneu_center2_ct_137,integrated_gradients,5,5.8902,0.9972,-1.5078,0.1813,0.816,7.398,1.6153,0.8342,0.8342
topaneu_center2_ct_137,integrated_gradients,10,5.8902,0.9972,-1.2918,0.2155,0.7817,7.182,2.888,0.9473,0.9473
topaneu_center2_ct_137,random_control,1,5.8902,0.9972,5.0535,0.9937,0.0036,0.8367,-1.7073,0.1535,0.1535
topaneu_center2_ct_137,random_control,5,5.8902,0.9972,4.1999,0.9852,0.012,1.6903,-1.3047,0.2134,0.2134
topaneu_center2_ct_137,random_control,10,5.8902,0.9972,3.8762,0.9797,0.0175,2.014,-1.4386,0.1918,0.1918
