case_id,filename,shape_x,shape_y,shape_z,ndim,voxel_x_mm,voxel_y_mm,voxel_z_mm,fov_x_mm,fov_y_mm,fov_z_mm,anisotropy_ratio,dtype,int_min,int_max,int_mean,int_std,p1,p5,p95,p99,has_nan,has_inf
topaneu_center1_mr_001.nii,topaneu_center1_mr_001_0000.nii.gz,352,426,264,3,0.3819,0.3819,0.45,134.44,162.71,118.81,1.1783,int16,0.0,1108.0,55.191,43.4454,0.0,0.9975,108.9994,149.0014,False,False
topaneu_center1_mr_005.nii,topaneu_center1_mr_005_0000.nii.gz,390,461,240,3,0.3819,0.3819,0.45,148.96,176.08,108.01,1.1783,int16,0.0,388.0,30.6189,21.5791,0.0,1.0006,59.9984,81.9989,False,False
topaneu_center1_mr_016.nii,topaneu_center1_mr_016_0000.nii.gz,344,437,248,3,0.3819,0.3819,0.4496,131.39,166.91,111.51,1.1772,int16,0.0,1091.0,62.1385,42.7566,0.0,1.9977,114.0027,142.004,False,False
topaneu_center1_mr_017.nii,topaneu_center1_mr_017_0000.nii.gz,376,477,248,3,0.3819,0.3819,0.45,143.61,182.19,111.6,1.1782,int16,0.0,1065.0,75.84,52.6576,0.0,1.9989,138.9936,192.9952,False,False
topaneu_center1_mr_018.nii,topaneu_center1_mr_018_0000.nii.gz,356,465,233,3,0.3819,0.3819,0.45,135.97,177.6,104.86,1.1783,float32,0.0,940.0,67.313,53.1954,0.0,0.0,133.0071,189.004,False,False
topaneu_center1_mr_024.nii,topaneu_center1_mr_024_0000.nii.gz,516,749,160,3,0.2511,0.2511,0.7,129.58,188.09,112.0,2.7875,int16,0.0,350.0,39.8667,24.2589,0.0,4.0002,74.9989,99.9985,False,False
topaneu_center1_mr_028.nii,topaneu_center1_mr_028_0000.nii.gz,368,438,248,3,0.3819,0.3819,0.45,140.56,167.29,111.61,1.1782,int16,0.0,829.0,52.6463,38.2975,0.0,0.9993,98.9968,127.0033,False,False
topaneu_center1_mr_029.nii,topaneu_center1_mr_029_0000.nii.gz,558,719,138,3,0.2511,0.2511,0.7,140.12,180.55,96.6,2.7875,int16,0.0,984.0,91.4416,54.931,0.0,11.9969,156.9956,224.007,False,False
topaneu_center1_mr_033.nii,topaneu_center1_mr_033_0000.nii.gz,563,790,175,3,0.2455,0.2455,0.5,138.24,193.97,87.5,2.0363,int16,0.0,1251.0,95.9012,63.009,0.0,12.9996,175.0083,256.0031,False,False
topaneu_center1_mr_038.nii,topaneu_center1_mr_038_0000.nii.gz,572,771,216,3,0.2344,0.2344,0.5,134.06,180.7,108.01,2.1335,int16,0.0,923.0,73.3662,46.5145,0.0,8.9997,133.9959,181.9944,False,False
topaneu_center1_mr_049.nii,topaneu_center1_mr_049_0000.nii.gz,372,469,199,3,0.3819,0.3819,0.45,142.08,179.13,89.56,1.1783,int16,0.0,820.0,63.3048,47.4191,0.0,2.002,132.9943,179.0024,False,False
topaneu_center1_mr_050.nii,topaneu_center1_mr_050_0000.nii.gz,392,422,262,3,0.3819,0.3819,0.4499,149.72,161.18,117.87,1.1779,int16,0.0,1177.0,71.0741,54.2483,0.0,1.0058,148.9951,207.9932,False,False
topaneu_center1_mr_053.nii,topaneu_center1_mr_053_0000.nii.gz,340,444,168,3,0.4102,0.4102,0.5501,139.45,182.11,92.41,1.3411,int16,0.0,376.0,43.4374,26.5634,0.0,2.0023,81.9988,107.0024,False,False
topaneu_center1_mr_056.nii,topaneu_center1_mr_056_0000.nii.gz,356,481,248,3,0.3819,0.3819,0.45,135.97,183.72,111.6,1.1782,int16,0.0,1228.0,84.2049,54.3194,0.0,2.9981,147.9933,201.9965,False,False
topaneu_center1_mr_061.nii,topaneu_center1_mr_061_0000.nii.gz,356,445,243,3,0.3819,0.3819,0.4499,135.97,169.97,109.32,1.1779,int16,0.0,572.0,50.2546,32.9993,0.0,1.0037,94.9973,129.9972,False,False
topaneu_center1_mr_064.nii,topaneu_center1_mr_064_0000.nii.gz,390,465,248,3,0.3819,0.3819,0.45,148.96,177.6,111.59,1.1781,int16,0.0,504.0,40.1277,27.2228,0.0,1.9995,80.9968,110.9977,False,False
topaneu_center1_mr_076.nii,topaneu_center1_mr_076_0000.nii.gz,369,447,200,3,0.3906,0.3906,0.4996,144.14,174.61,99.92,1.279,int16,0.0,1208.0,57.8742,45.0228,0.0,2.0092,116.9936,167.0021,False,False
topaneu_center1_mr_085.nii,topaneu_center1_mr_085_0000.nii.gz,586,729,180,3,0.2455,0.2455,0.5,143.88,179.0,90.0,2.0364,int16,0.0,866.0,79.3325,52.6701,0.0,7.9947,155.995,222.0005,False,False
topaneu_center1_mr_088.nii,topaneu_center1_mr_088_0000.nii.gz,376,437,248,3,0.3819,0.3819,0.45,143.61,166.91,111.6,1.1782,int16,0.0,778.0,56.0569,38.2327,0.0,1.9944,106.0008,143.0043,False,False
topaneu_center1_mr_092.nii,topaneu_center1_mr_092_0000.nii.gz,546,742,143,3,0.2511,0.2511,0.7,137.11,186.33,100.1,2.7876,float32,0.0,522.0,42.4878,31.3662,0.0,0.0,80.9982,113.0024,False,False
topaneu_center1_mr_113.nii,topaneu_center1_mr_113_0000.nii.gz,380,496,229,3,0.3819,0.3819,0.45,145.14,189.44,103.06,1.1783,float32,0.0,1002.0,60.0392,50.0536,0.0,0.0,130.007,175.9979,False,False
topaneu_center1_mr_119.nii,topaneu_center1_mr_119_0000.nii.gz,370,403,206,3,0.3819,0.3819,0.45,141.32,153.92,92.7,1.1782,int16,0.0,793.0,58.9183,38.8118,0.0,3.0009,105.9995,132.9955,False,False
topaneu_center1_mr_121.nii,topaneu_center1_mr_121_0000.nii.gz,343,402,248,3,0.3819,0.3819,0.4501,131.01,153.54,111.62,1.1784,int16,0.0,910.0,71.1661,47.9573,0.0,0.9998,128.9982,175.0016,False,False
topaneu_center1_mr_129.nii,topaneu_center1_mr_129_0000.nii.gz,564,731,160,3,0.2511,0.2511,0.7,141.63,183.57,112.0,2.7876,int16,0.0,475.0,46.7562,29.215,0.0,4.0009,79.0036,101.0014,False,False
topaneu_center1_mr_136.nii,topaneu_center1_mr_136_0000.nii.gz,368,473,199,3,0.3819,0.3819,0.4499,140.56,180.66,89.53,1.1779,int16,0.0,1029.0,91.6348,61.4407,0.0,1.9941,188.9994,271.9977,False,False
topaneu_center1_mr_138.nii,topaneu_center1_mr_138_0000.nii.gz,392,465,202,3,0.3906,0.3906,0.5001,153.12,181.64,101.02,1.2803,int16,0.0,901.0,64.3528,44.3865,0.0,2.9971,133.0018,176.0067,False,False
topaneu_center1_mr_144.nii,topaneu_center1_mr_144_0000.nii.gz,356,480,240,3,0.3819,0.3819,0.4499,135.97,183.33,107.97,1.1779,int16,0.0,1077.0,79.9026,51.7252,0.0,2.0049,141.0034,202.0063,False,False
topaneu_center1_mr_147.nii,topaneu_center1_mr_147_0000.nii.gz,381,465,196,3,0.3906,0.3906,0.5002,148.83,181.64,98.04,1.2805,int16,0.0,814.0,62.5908,43.9173,0.0,1.9998,125.997,170.9978,False,False
topaneu_center1_mr_148.nii,topaneu_center1_mr_148_0000.nii.gz,354,454,196,3,0.3906,0.3906,0.5,138.28,177.34,98.0,1.28,int16,0.0,819.0,68.8431,47.5139,0.0,1.9995,140.0054,184.9951,False,False
topaneu_center1_mr_149.nii,topaneu_center1_mr_149_0000.nii.gz,383,433,248,3,0.3819,0.3819,0.4501,146.28,165.38,111.62,1.1783,int16,0.0,710.0,53.7916,39.3151,0.0,0.9967,102.9979,134.0046,False,False
topaneu_center1_mr_157.nii,topaneu_center1_mr_157_0000.nii.gz,348,430,240,3,0.3819,0.3819,0.45,132.92,164.24,107.99,1.1781,int16,0.0,867.0,64.176,47.921,0.0,1.0054,142.9984,185.9946,False,False
topaneu_center1_mr_173.nii,topaneu_center1_mr_173_0000.nii.gz,356,461,229,3,0.3819,0.3819,0.45,135.97,176.08,103.05,1.1781,int16,0.0,897.0,61.9205,46.239,0.0,0.9992,127.0049,171.9951,False,False
topaneu_center1_mr_177.nii,topaneu_center1_mr_177_0000.nii.gz,610,721,160,3,0.2344,0.2344,0.7,142.97,168.98,112.0,2.9867,int16,0.0,398.0,42.116,26.5173,0.0,4.9982,75.9987,105.9997,False,False
topaneu_center1_mr_178.nii,topaneu_center1_mr_178_0000.nii.gz,362,465,243,3,0.3819,0.3819,0.45,138.26,177.6,109.36,1.1783,int16,0.0,918.0,72.1077,49.2033,0.0,2.0031,141.0023,195.9969,False,False
topaneu_center1_mr_184.nii,topaneu_center1_mr_184_0000.nii.gz,622,733,160,3,0.2344,0.2344,0.7,145.78,171.8,112.0,2.9867,int16,0.0,458.0,47.1323,30.5082,0.0,4.9969,90.999,123.9993,False,False
topaneu_center1_mr_188.nii,topaneu_center1_mr_188_0000.nii.gz,367,434,223,3,0.3819,0.3819,0.4498,140.17,165.76,100.3,1.1775,int16,0.0,915.0,70.4248,51.7266,0.0,1.9966,147.006,211.9991,False,False
topaneu_center1_mr_189.nii,topaneu_center1_mr_189_0000.nii.gz,649,740,193,3,0.2344,0.2344,0.5,152.11,173.44,96.5,2.1333,int16,0.0,1055.0,110.4151,73.8298,0.0,10.9951,216.0066,313.9967,False,False
topaneu_center1_mr_191.nii,topaneu_center1_mr_191_0000.nii.gz,576,698,184,3,0.2455,0.2455,0.5,141.43,171.38,92.0,2.0364,int16,0.0,1079.0,92.7054,61.621,0.0,9.0061,183.0027,249.9967,False,False
topaneu_center1_mr_193.nii,topaneu_center1_mr_193_0000.nii.gz,321,355,204,3,0.4365,0.4365,0.47,140.12,154.96,95.88,1.0767,int16,0.0,410.0,43.7305,29.6427,0.0,1.001,87.9997,108.0008,False,False
topaneu_center1_mr_195.nii,topaneu_center1_mr_195_0000.nii.gz,379,445,219,3,0.3819,0.3819,0.45,144.76,169.97,98.56,1.1783,int16,0.0,1056.0,83.6626,59.9809,0.0,1.9981,183.0013,230.0045,False,False
topaneu_center1_mr_198.nii,topaneu_center1_mr_198_0000.nii.gz,368,414,248,3,0.3819,0.3819,0.45,140.56,158.12,111.59,1.1781,int16,0.0,837.0,62.1642,44.302,0.0,0.9962,114.9973,148.9958,False,False
topaneu_center1_mr_200.nii,topaneu_center1_mr_200_0000.nii.gz,586,711,199,3,0.2455,0.2455,0.5,143.88,174.58,99.5,2.0364,int16,0.0,1027.0,90.8746,59.4673,0.0,9.9981,169.9992,251.0026,False,False
topaneu_center1_mr_202.nii,topaneu_center1_mr_202_0000.nii.gz,368,437,203,3,0.3819,0.3819,0.4502,140.56,166.91,91.39,1.1787,int16,0.0,937.0,65.4164,49.8225,0.0,2.0017,139.0023,183.9971,False,False
topaneu_center1_mr_210.nii,topaneu_center1_mr_210_0000.nii.gz,564,737,158,3,0.2511,0.2511,0.7,141.63,185.07,110.6,2.7876,int16,0.0,478.0,43.7182,28.5828,0.0,5.0036,78.0,103.0032,False,False
topaneu_center1_mr_211.nii,topaneu_center1_mr_211_0000.nii.gz,360,453,248,3,0.3819,0.3819,0.45,137.5,173.02,111.6,1.1782,int16,0.0,1069.0,74.9385,55.1717,0.0,0.995,147.9978,206.0029,False,False
topaneu_center1_mr_213.nii,topaneu_center1_mr_213_0000.nii.gz,386,497,243,3,0.3819,0.3819,0.4498,147.43,189.83,109.3,1.1776,int16,0.0,974.0,71.1616,48.3837,0.0,2.0064,139.007,185.0058,False,False
topaneu_center1_mr_221.nii,topaneu_center1_mr_221_0000.nii.gz,360,477,230,3,0.3819,0.3819,0.45,137.5,182.19,103.49,1.1781,int16,0.0,880.0,61.0915,43.3925,0.0,2.9944,120.0055,159.9939,False,False
topaneu_center1_mr_229.nii,topaneu_center1_mr_229_0000.nii.gz,376,461,219,3,0.3819,0.3819,0.4501,143.61,176.08,98.57,1.1784,int16,0.0,781.0,52.8984,37.8145,0.0,3.0032,110.9977,148.0009,False,False
topaneu_center1_mr_241.nii,topaneu_center1_mr_241_0000.nii.gz,358,449,287,3,0.3819,0.3819,0.45,136.74,171.49,129.15,1.1782,int16,0.0,1046.0,66.4253,53.5929,0.0,1.0055,134.9976,185.9928,False,False
topaneu_center1_mr_247.nii,topaneu_center1_mr_247_0000.nii.gz,370,485,248,3,0.3819,0.3819,0.4499,141.32,185.24,111.58,1.178,int16,0.0,576.0,45.7483,33.0725,0.0,2.9971,87.9974,105.9977,False,False
topaneu_center1_mr_251.nii,topaneu_center1_mr_251_0000.nii.gz,580,789,266,3,0.2344,0.2344,0.5,135.94,184.92,133.0,2.1333,int16,0.0,875.0,70.6483,51.4077,0.0,5.9949,134.9985,167.0024,False,False
topaneu_center1_mr_262.nii,topaneu_center1_mr_262_0000.nii.gz,574,785,195,3,0.2344,0.2344,0.5001,134.53,183.98,97.51,2.1336,int16,0.0,754.0,69.9443,44.4811,0.0,7.9962,133.0013,177.9985,False,False
topaneu_center1_mr_264.nii,topaneu_center1_mr_264_0000.nii.gz,379,461,233,3,0.3819,0.3819,0.45,144.76,176.08,104.84,1.1781,int16,0.0,944.0,68.5274,48.9111,0.0,2.0022,132.003,182.0011,False,False
topaneu_center1_mr_282.nii,topaneu_center1_mr_282_0000.nii.gz,372,453,248,3,0.3819,0.3819,0.4498,142.08,173.02,111.56,1.1778,int16,0.0,878.0,62.8147,44.6108,0.0,3.001,120.0007,168.0037,False,False
topaneu_center1_mr_287.nii,topaneu_center1_mr_287_0000.nii.gz,376,461,223,3,0.3819,0.3819,0.4497,143.61,176.08,100.29,1.1775,int16,0.0,1105.0,68.6577,49.6762,0.0,0.9948,136.0026,185.0013,False,False
topaneu_center1_mr_290.nii,topaneu_center1_mr_290_0000.nii.gz,360,442,219,3,0.3819,0.3819,0.4501,137.5,168.82,98.56,1.1783,float32,0.0,510.0,36.2359,30.474,0.0,0.0,80.0,98.0,False,False
topaneu_center1_mr_298.nii,topaneu_center1_mr_298_0000.nii.gz,580,680,193,3,0.2455,0.2455,0.5,142.41,166.96,96.5,2.0364,int16,0.0,521.0,60.5909,33.8933,0.0,11.9965,108.0001,146.0008,False,False
topaneu_center1_mr_299.nii,topaneu_center1_mr_299_0000.nii.gz,544,701,142,3,0.2511,0.2511,0.7,136.61,176.03,99.4,2.7875,int16,0.0,755.0,69.3402,43.6351,0.0,7.0045,123.005,174.9973,False,False
topaneu_center1_mr_301.nii,topaneu_center1_mr_301_0000.nii.gz,588,695,154,3,0.2511,0.2511,0.7,147.66,174.53,107.8,2.7876,int16,0.0,1020.0,103.8408,64.662,0.0,11.0039,176.9961,236.9961,False,False
topaneu_center1_mr_302.nii,topaneu_center1_mr_302_0000.nii.gz,582,698,196,3,0.2455,0.2455,0.5,142.9,171.38,98.0,2.0364,int16,0.0,1030.0,104.4549,70.2335,0.0,9.0057,217.0018,306.006,False,False
topaneu_center1_mr_308.nii,topaneu_center1_mr_308_0000.nii.gz,654,740,160,3,0.2344,0.2344,0.7,153.28,173.44,112.0,2.9867,int16,0.0,746.0,86.084,50.0402,0.0,15.0031,162.9965,221.9958,False,False
topaneu_center1_mr_311.nii,topaneu_center1_mr_311_0000.nii.gz,358,441,248,3,0.3819,0.3819,0.45,136.74,168.44,111.59,1.1781,int16,0.0,880.0,60.1382,42.3976,0.0,2.0008,112.9961,142.9941,False,False
topaneu_center1_mr_316.nii,topaneu_center1_mr_316_0000.nii.gz,368,473,248,3,0.3819,0.3819,0.45,140.56,180.66,111.59,1.1781,int16,0.0,605.0,49.9134,33.6243,0.0,2.0033,93.9973,129.0039,False,False
topaneu_center1_mr_325.nii,topaneu_center1_mr_325_0000.nii.gz,372,481,282,3,0.3819,0.3819,0.4501,142.08,183.72,126.92,1.1784,int16,0.0,510.0,42.2282,30.3651,0.0,0.0,87.0039,121.0039,False,False
topaneu_center1_mr_327.nii,topaneu_center1_mr_327_0000.nii.gz,363,480,243,3,0.3819,0.3819,0.45,138.65,183.33,109.35,1.1782,int16,0.0,1289.0,82.931,55.7919,0.0,3.0093,150.998,215.0005,False,False
topaneu_center1_mr_330.nii,topaneu_center1_mr_330_0000.nii.gz,391,437,204,3,0.3819,0.3819,0.45,149.34,166.91,91.8,1.1782,int16,0.0,459.0,40.9375,29.061,0.0,2.0031,82.0016,110.0031,False,False
topaneu_center1_mr_334.nii,topaneu_center1_mr_334_0000.nii.gz,356,418,248,3,0.3819,0.3819,0.45,135.97,159.65,111.6,1.1782,int16,0.0,813.0,58.7165,42.1349,0.0,1.0049,113.9949,152.9981,False,False
topaneu_center1_mr_336.nii,topaneu_center1_mr_336_0000.nii.gz,562,743,160,3,0.2511,0.2511,0.7001,141.13,186.58,112.01,2.7878,int16,0.0,721.0,64.9963,41.3452,0.0,5.996,111.9979,145.0031,False,False
topaneu_center1_mr_342.nii,topaneu_center1_mr_342_0000.nii.gz,576,741,200,3,0.2455,0.2455,0.5,141.43,181.94,100.0,2.0364,int16,0.0,1310.0,119.0623,68.9322,0.0,13.9925,204.9905,302.9981,False,False
topaneu_center1_mr_349.nii,topaneu_center1_mr_349_0000.nii.gz,410,437,233,3,0.3819,0.3819,0.4499,156.6,166.91,104.83,1.1779,int16,0.0,1233.0,82.3822,57.5756,0.0,1.9943,163.0077,207.9929,False,False
topaneu_center1_mr_350.nii,topaneu_center1_mr_350_0000.nii.gz,368,418,209,3,0.3819,0.3819,0.45,140.56,159.65,94.05,1.1782,int16,0.0,842.0,58.9757,43.3322,0.0,2.0043,115.0033,148.9994,False,False
topaneu_center1_mr_354.nii,topaneu_center1_mr_354_0000.nii.gz,544,725,149,3,0.2511,0.2511,0.7,136.61,182.06,104.3,2.7875,int16,0.0,705.0,62.4796,40.9413,0.0,6.0027,112.9979,155.9961,False,False
topaneu_center1_mr_359.nii,topaneu_center1_mr_359_0000.nii.gz,558,695,122,3,0.2511,0.2511,0.7,140.12,174.53,85.4,2.7876,int16,1.9966,464.0,44.8475,27.3003,3.9987,4.9998,80.9958,108.9973,False,False
topaneu_center1_mr_364.nii,topaneu_center1_mr_364_0000.nii.gz,362,449,196,3,0.3819,0.3819,0.4501,138.26,171.49,88.21,1.1784,int16,0.0,1078.0,68.2255,51.8525,0.0,2.0068,147.0067,190.005,False,False
topaneu_center1_mr_365.nii,topaneu_center1_mr_365_0000.nii.gz,364,469,248,3,0.3819,0.3819,0.45,139.03,179.13,111.61,1.1783,int16,0.0,440.0,48.2155,29.6118,0.0,3.0011,88.0,112.0024,False,False
topaneu_center1_mr_374.nii,topaneu_center1_mr_374_0000.nii.gz,387,476,240,3,0.3819,0.3819,0.45,147.81,181.81,108.0,1.1782,int16,0.0,878.0,69.2173,51.2362,0.0,1.9962,151.9937,204.0025,False,False
topaneu_center1_mr_386.nii,topaneu_center1_mr_386_0000.nii.gz,408,457,209,3,0.3819,0.3819,0.4501,155.83,174.55,94.07,1.1784,int16,0.0,678.0,48.5441,37.3878,0.0,3.0002,100.0007,142.0039,False,False
topaneu_center1_mr_393.nii,topaneu_center1_mr_393_0000.nii.gz,375,441,233,3,0.3819,0.3819,0.45,143.23,168.44,104.86,1.1783,int16,0.0,902.0,62.86,48.4745,0.0,1.9957,123.0056,172.9952,False,False
topaneu_center1_mr_396.nii,topaneu_center1_mr_396_0000.nii.gz,332,449,168,3,0.4102,0.4102,0.55,136.17,184.16,92.4,1.3409,int16,0.0,452.0,48.6919,29.8879,0.0,2.0002,85.9997,111.0016,False,False
topaneu_center1_mr_398.nii,topaneu_center1_mr_398_0000.nii.gz,376,457,248,3,0.3819,0.3819,0.45,143.61,174.55,111.6,1.1781,int16,0.0,974.0,67.7262,48.5316,0.0,0.9958,140.9985,183.9951,False,False
topaneu_center1_mr_401.nii,topaneu_center1_mr_401_0000.nii.gz,570,686,181,3,0.2455,0.2455,0.5,139.96,168.44,90.5,2.0364,int16,0.0,1200.0,105.6596,68.393,0.0,9.0089,225.9922,280.9979,False,False
topaneu_center1_mr_411.nii,topaneu_center1_mr_411_0000.nii.gz,544,723,198,3,0.2455,0.2455,0.5,133.57,177.52,99.0,2.0364,int16,0.0,1301.0,108.2657,68.678,0.0,11.9906,200.0088,297.9982,False,False
topaneu_center1_mr_414.nii,topaneu_center1_mr_414_0000.nii.gz,362,434,246,3,0.3819,0.3819,0.45,138.26,165.76,110.69,1.1781,int16,0.0,978.0,55.1858,40.2474,0.0,0.9999,109.9998,149.9943,False,False
topaneu_center1_mr_419.nii,topaneu_center1_mr_419_0000.nii.gz,574,747,200,3,0.2455,0.2455,0.5,140.94,183.42,100.0,2.0364,int16,0.0,1308.0,115.4346,66.6288,0.0,12.9932,199.0092,291.9973,False,False
topaneu_center1_mr_428.nii,topaneu_center1_mr_428_0000.nii.gz,590,707,153,3,0.2344,0.2344,0.7,138.28,165.7,107.1,2.9867,int16,0.0,473.0,46.1903,27.9546,0.0,5.9978,85.0007,114.0007,False,False
topaneu_center1_mr_436.nii,topaneu_center1_mr_436_0000.nii.gz,361,469,154,3,0.3819,0.3819,0.45,137.88,179.13,69.3,1.1782,int16,0.0,947.0,70.1036,50.9698,0.0,1.9941,136.0062,181.0044,False,False
topaneu_center1_mr_439.nii,topaneu_center1_mr_439_0000.nii.gz,358,414,248,3,0.3819,0.3819,0.45,136.74,158.12,111.6,1.1782,int16,0.0,736.0,62.5598,43.9285,0.0,0.9995,124.997,171.9973,False,False
topaneu_center1_mr_443.nii,topaneu_center1_mr_443_0000.nii.gz,347,441,158,3,0.4102,0.4102,0.55,142.32,180.88,86.9,1.3409,int16,0.0,369.0,42.9312,28.4314,0.0,1.9989,94.9991,118.0001,False,False
topaneu_center1_mr_463.nii,topaneu_center1_mr_463_0000.nii.gz,380,504,288,3,0.3819,0.3819,0.45,145.14,192.5,129.59,1.1781,int16,0.0,937.0,68.3452,49.4197,0.0,2.0017,133.9981,161.993,False,False
topaneu_center1_mr_474.nii,topaneu_center1_mr_474_0000.nii.gz,364,437,248,3,0.3819,0.3819,0.4499,139.03,166.91,111.59,1.178,int16,0.0,928.0,65.0741,46.4718,0.0,1.0054,117.9984,153.0028,False,False
topaneu_center1_mr_477.nii,topaneu_center1_mr_477_0000.nii.gz,364,465,219,3,0.3819,0.3819,0.45,139.03,177.6,98.55,1.1782,int16,0.0,1060.0,67.5772,50.5308,0.0,2.0056,125.9999,168.0052,False,False
topaneu_center1_mr_483.nii,topaneu_center1_mr_483_0000.nii.gz,360,441,229,3,0.3819,0.3819,0.45,137.5,168.44,103.05,1.1781,int16,0.0,931.0,67.8255,50.7663,0.0,2.0031,135.001,178.9975,False,False
topaneu_center1_mr_489.nii,topaneu_center1_mr_489_0000.nii.gz,574,680,196,3,0.2455,0.2455,0.5,140.94,166.96,98.0,2.0364,int16,0.0,1092.0,89.5481,57.7925,0.0,10.9975,167.9949,244.9939,False,False
topaneu_center1_mr_490.nii,topaneu_center1_mr_490_0000.nii.gz,352,422,226,3,0.3819,0.3819,0.4499,134.44,161.18,101.67,1.1779,int16,0.0,935.0,71.8198,49.2438,0.0,1.9974,131.0013,194.0052,False,False
topaneu_center1_mr_494.nii,topaneu_center1_mr_494_0000.nii.gz,372,453,199,3,0.3819,0.3819,0.45,142.08,173.02,89.56,1.1783,int16,0.0,838.0,55.8854,43.2485,0.0,1.9948,109.9943,132.0008,False,False
topaneu_center1_mr_496.nii,topaneu_center1_mr_496_0000.nii.gz,364,453,216,3,0.3819,0.3819,0.4498,139.03,173.02,97.16,1.1778,int16,0.0,1023.0,59.5964,45.5138,0.0,1.9981,118.9949,158.0042,False,False
topaneu_center1_mr_499.nii,topaneu_center1_mr_499_0000.nii.gz,348,473,248,3,0.3819,0.3819,0.4499,132.92,180.66,111.58,1.1779,int16,0.0,1021.0,68.8764,49.7149,0.0,1.9942,128.0009,180.0051,False,False
topaneu_center1_mr_501.nii,topaneu_center1_mr_501_0000.nii.gz,384,507,246,3,0.3819,0.3819,0.45,146.67,193.65,110.7,1.1782,float32,0.0,958.0,65.3132,48.9598,0.0,0.0,122.003,169.0004,False,False
topaneu_center1_mr_509.nii,topaneu_center1_mr_509_0000.nii.gz,570,765,152,3,0.2344,0.2344,0.7,133.59,179.3,106.4,2.9867,int16,0.0,364.0,42.746,24.2157,0.0,4.9989,71.0004,91.0014,False,False
topaneu_center1_mr_516.nii,topaneu_center1_mr_516_0000.nii.gz,534,618,156,3,0.2511,0.2511,0.7,134.1,155.19,109.2,2.7876,int16,2.002,400.0,38.4513,21.1494,3.004,4.996,67.002,87.0005,False,False
topaneu_center1_mr_522.nii,topaneu_center1_mr_522_0000.nii.gz,376,469,240,3,0.3819,0.3819,0.45,143.61,179.13,108.0,1.1782,int16,0.0,970.0,69.0944,50.368,0.0,1.9982,133.004,183.9944,False,False
topaneu_center1_mr_523.nii,topaneu_center1_mr_523_0000.nii.gz,596,727,147,3,0.2344,0.2344,0.7,139.69,170.39,102.9,2.9867,int16,0.0,692.0,73.6406,43.6613,0.0,14.0016,126.996,146.9952,False,False
topaneu_center1_mr_525.nii,topaneu_center1_mr_525_0000.nii.gz,580,679,233,3,0.2455,0.2455,0.5,142.41,166.72,116.5,2.0364,int16,0.0,982.0,88.6124,58.9325,0.0,9.9946,172.0055,256.9968,False,False
topaneu_center1_mr_527.nii,topaneu_center1_mr_527_0000.nii.gz,390,457,233,3,0.3819,0.3819,0.4499,148.96,174.55,104.82,1.1778,int16,0.0,1024.0,71.8481,51.9942,0.0,2.0,141.0022,202.0031,False,False
topaneu_center1_mr_528.nii,topaneu_center1_mr_528_0000.nii.gz,394,469,248,3,0.3819,0.3819,0.45,150.49,179.13,111.6,1.1782,int16,0.0,799.0,61.3803,42.3862,0.0,0.9997,113.9948,159.9951,False,False
topaneu_center1_mr_538.nii,topaneu_center1_mr_538_0000.nii.gz,622,759,142,3,0.2344,0.2344,0.7,145.78,177.89,99.4,2.9867,int16,0.0,492.0,39.5208,26.3429,0.0,5.0,69.9994,85.9977,False,False
topaneu_center1_mr_554.nii,topaneu_center1_mr_554_0000.nii.gz,356,437,226,3,0.3819,0.3819,0.45,135.97,166.91,101.7,1.1781,int16,0.0,812.0,67.0236,46.8101,0.0,1.9948,131.9941,173.9973,False,False
topaneu_center1_mr_560.nii,topaneu_center1_mr_560_0000.nii.gz,370,461,232,3,0.3819,0.3819,0.45,141.32,176.08,104.4,1.1782,int16,0.0,962.0,63.1101,47.1908,0.0,1.9964,119.0041,142.0064,False,False
topaneu_center1_mr_561.nii,topaneu_center1_mr_561_0000.nii.gz,598,667,187,3,0.2455,0.2455,0.5,146.83,163.77,93.5,2.0364,int16,0.0,930.0,93.6027,59.0793,0.0,12.0055,183.0057,252.9952,False,False
topaneu_center1_mr_572.nii,topaneu_center1_mr_572_0000.nii.gz,368,461,214,3,0.3819,0.3819,0.45,140.56,176.08,96.31,1.1782,int16,0.0,843.0,55.547,40.889,0.0,1.0033,106.9974,148.0058,False,False
topaneu_center1_mr_577.nii,topaneu_center1_mr_577_0000.nii.gz,375,488,248,3,0.3819,0.3819,0.4502,143.23,186.39,111.65,1.1787,int16,0.0,1333.0,95.7232,64.8292,0.0,2.99,172.994,226.9975,False,False
topaneu_center1_mr_581.nii,topaneu_center1_mr_581_0000.nii.gz,352,434,248,3,0.3819,0.3819,0.45,134.44,165.76,111.61,1.1783,int16,0.0,968.0,70.8748,50.6102,0.0,1.994,143.9999,189.9959,False,False
topaneu_center1_mr_585.nii,topaneu_center1_mr_585_0000.nii.gz,383,485,246,3,0.3819,0.3819,0.45,146.28,185.24,110.7,1.1782,int16,0.0,826.0,66.9011,43.2826,0.0,2.9997,132.9969,176.0016,False,False
topaneu_center1_mr_586.nii,topaneu_center1_mr_586_0000.nii.gz,371,443,264,3,0.3906,0.3906,0.4501,144.92,173.05,118.83,1.1523,int16,0.0,856.0,55.7909,43.2339,0.0,1.0058,110.9985,153.9977,False,False
topaneu_center1_mr_596.nii,topaneu_center1_mr_596_0000.nii.gz,376,485,229,3,0.3819,0.3819,0.4503,143.61,185.24,103.11,1.1789,int16,0.0,770.0,61.9807,46.1496,0.0,1.9974,126.0011,169.004,False,False
topaneu_center1_mr_605.nii,topaneu_center1_mr_605_0000.nii.gz,615,739,140,3,0.2344,0.2344,0.7,144.14,173.2,98.0,2.9867,int16,0.0,981.0,109.256,67.2448,0.0,12.9932,196.9934,300.9987,False,False
topaneu_center1_mr_607.nii,topaneu_center1_mr_607_0000.nii.gz,583,733,137,3,0.2344,0.2344,0.7,136.64,171.8,95.9,2.9867,int16,0.0,373.0,41.2894,25.774,0.0,4.9972,84.9986,109.0001,False,False
topaneu_center1_mr_612.nii,topaneu_center1_mr_612_0000.nii.gz,383,485,332,3,0.3819,0.3819,0.4501,146.28,185.24,149.42,1.1783,int16,0.0,1130.0,64.946,49.1081,0.0,1.0001,130.9928,183.9968,False,False
topaneu_center1_mr_614.nii,topaneu_center1_mr_614_0000.nii.gz,368,460,248,3,0.3819,0.3819,0.45,140.56,175.69,111.6,1.1782,int16,0.0,1112.0,78.7514,56.4302,0.0,2.0022,153.0007,216.0031,False,False
topaneu_center1_mr_615.nii,topaneu_center1_mr_615_0000.nii.gz,356,490,246,3,0.3819,0.3819,0.45,135.97,187.15,110.7,1.1782,int16,0.0,1101.0,79.7331,55.3812,0.0,1.9992,156.9977,214.0007,False,False
topaneu_center1_mr_625.nii,topaneu_center1_mr_625_0000.nii.gz,574,705,262,3,0.2455,0.2455,0.5,140.94,173.1,131.0,2.0364,int16,0.0,815.0,75.0597,51.3858,0.0,0.0,138.9983,197.0003,False,False
topaneu_center1_mr_626.nii,topaneu_center1_mr_626_0000.nii.gz,570,710,177,3,0.2455,0.2455,0.5,139.96,174.33,88.5,2.0364,int16,0.0,1041.0,111.6158,70.939,0.0,12.9936,221.003,313.0069,False,False
topaneu_center1_mr_630.nii,topaneu_center1_mr_630_0000.nii.gz,380,449,264,3,0.3819,0.3819,0.4502,145.14,171.49,118.86,1.1788,int16,0.0,880.0,66.7512,48.5057,0.0,2.0008,131.9966,184.9967,False,False
topaneu_center1_mr_631.nii,topaneu_center1_mr_631_0000.nii.gz,394,484,209,3,0.3819,0.3819,0.4501,150.49,184.86,94.06,1.1783,int16,0.0,540.0,47.4781,34.4688,0.0,2.9993,102.0014,136.9961,False,False
topaneu_center1_mr_637.nii,topaneu_center1_mr_637_0000.nii.gz,402,472,240,3,0.3819,0.3819,0.4502,153.54,180.28,108.04,1.1786,int16,0.0,936.0,78.8157,53.7116,0.0,1.9995,153.9933,205.9957,False,False
topaneu_center1_mr_638.nii,topaneu_center1_mr_638_0000.nii.gz,368,481,233,3,0.3819,0.3819,0.45,140.56,183.72,104.86,1.1783,int16,0.0,1228.0,75.354,55.1038,0.0,2.005,143.009,196.0003,False,False
topaneu_center1_mr_647.nii,topaneu_center1_mr_647_0000.nii.gz,356,473,255,3,0.3819,0.3819,0.45,135.97,180.66,114.75,1.1782,int16,0.0,1182.0,66.1977,48.611,0.0,0.992,125.0087,162.0008,False,False
topaneu_center1_mr_653.nii,topaneu_center1_mr_653_0000.nii.gz,360,445,236,3,0.3819,0.3819,0.45,137.5,169.97,106.21,1.1783,int16,0.0,991.0,62.033,45.9778,0.0,1.9961,122.0018,154.9973,False,False
topaneu_center1_mr_660.nii,topaneu_center1_mr_660_0000.nii.gz,360,442,236,3,0.3819,0.3819,0.45,137.5,168.82,106.2,1.1781,int16,0.0,876.0,59.9853,44.4525,0.0,2.005,115.998,156.0051,False,False
topaneu_center1_mr_664.nii,topaneu_center1_mr_664_0000.nii.gz,386,418,248,3,0.3819,0.3819,0.45,147.43,159.65,111.6,1.1781,int16,0.0,1027.0,82.4293,56.4382,0.0,1.0029,156.005,209.0043,False,False
topaneu_center1_mr_670.nii,topaneu_center1_mr_670_0000.nii.gz,635,759,131,3,0.2344,0.2344,0.7,148.83,177.89,91.7,2.9867,int16,0.0,396.0,42.3677,26.3622,0.0,4.9972,75.9974,105.9988,False,False
topaneu_center1_mr_681.nii,topaneu_center1_mr_681_0000.nii.gz,528,653,147,3,0.2511,0.2511,0.7,132.59,163.98,102.9,2.7876,int16,1.9977,541.0,49.0643,30.3453,4.0045,6.0031,90.9966,117.9981,False,False
topaneu_center1_mr_682.nii,topaneu_center1_mr_682_0000.nii.gz,376,449,290,3,0.3819,0.3819,0.4499,143.61,171.49,130.47,1.1779,int16,0.0,1139.0,82.4542,57.8415,0.0,0.0,154.9951,215.9989,False,False
topaneu_center1_mr_693.nii,topaneu_center1_mr_693_0000.nii.gz,583,759,224,3,0.2344,0.2344,0.5,136.64,177.89,112.0,2.1333,int16,0.0,851.0,96.0013,57.9886,0.0,10.9987,166.0057,198.0018,False,False
topaneu_center1_mr_694.nii,topaneu_center1_mr_694_0000.nii.gz,374,438,208,3,0.3906,0.3906,0.5,146.09,171.09,104.0,1.28,int16,0.0,1062.0,66.3294,47.9028,0.0,1.9932,126.9992,165.0001,False,False
topaneu_center1_mr_697.nii,topaneu_center1_mr_697_0000.nii.gz,352,429,236,3,0.3819,0.3819,0.45,134.44,163.85,106.19,1.1781,int16,0.0,830.0,61.5625,44.6466,0.0,1.0005,116.9992,164.9995,False,False
topaneu_center1_mr_702.nii,topaneu_center1_mr_702_0000.nii.gz,526,635,154,3,0.2511,0.2511,0.7,132.09,159.46,107.81,2.7877,int16,2.9984,655.0,70.6403,43.6535,5.993,7.9928,124.007,176.9948,False,False
topaneu_center1_mr_713.nii,topaneu_center1_mr_713_0000.nii.gz,364,438,243,3,0.3819,0.3819,0.4499,139.03,167.29,109.33,1.178,int16,0.0,1092.0,76.8847,54.7993,0.0,1.9995,162.996,203.0035,False,False
topaneu_center1_mr_720.nii,topaneu_center1_mr_720_0000.nii.gz,354,430,168,3,0.4102,0.4102,0.5499,145.2,176.37,92.39,1.3408,int16,0.0,374.0,41.8093,28.7166,0.0,0.9987,79.999,111.9974,False,False
topaneu_center1_mr_727.nii,topaneu_center1_mr_727_0000.nii.gz,348,437,216,3,0.3819,0.3819,0.4499,132.92,166.91,97.19,1.1781,int16,0.0,915.0,65.6556,49.699,0.0,1.9966,144.0041,187.9984,False,False
topaneu_center1_mr_729.nii,topaneu_center1_mr_729_0000.nii.gz,360,441,246,3,0.3819,0.3819,0.4501,137.5,168.44,110.73,1.1785,int16,0.0,562.0,61.2247,39.5234,0.0,1.9981,127.0042,154.0001,False,False
topaneu_center1_mr_731.nii,topaneu_center1_mr_731_0000.nii.gz,368,457,216,3,0.3819,0.3819,0.4501,140.56,174.55,97.21,1.1783,float32,0.0,978.0,82.8158,61.2914,0.0,0.0,166.007,222.9992,False,False
topaneu_center1_mr_732.nii,topaneu_center1_mr_732_0000.nii.gz,406,473,264,3,0.3819,0.3819,0.4502,155.07,180.66,118.86,1.1788,int16,0.0,652.0,55.8257,38.2525,0.0,1.9997,118.9986,165.9971,False,False
topaneu_center1_mr_740.nii,topaneu_center1_mr_740_0000.nii.gz,360,434,248,3,0.3819,0.3819,0.4498,137.5,165.76,111.55,1.1777,int16,0.0,825.0,66.2737,47.0516,0.0,2.0016,123.0041,151.9959,False,False
topaneu_center1_mr_741.nii,topaneu_center1_mr_741_0000.nii.gz,605,726,222,3,0.2344,0.2344,0.5001,141.8,170.16,111.01,2.1336,int16,0.0,895.0,70.1012,46.187,0.0,7.006,126.9948,179.0,False,False
topaneu_center1_mr_742.nii,topaneu_center1_mr_742_0000.nii.gz,368,430,206,3,0.3819,0.3819,0.45,140.56,164.24,92.69,1.1781,int16,0.0,884.0,73.601,55.6193,0.0,1.9964,169.0034,215.0008,False,False
topaneu_center1_mr_744.nii,topaneu_center1_mr_744_0000.nii.gz,361,445,246,3,0.3819,0.3819,0.4499,137.88,169.97,110.69,1.178,int16,0.0,721.0,59.0623,42.5492,0.0,3.0035,118.995,160.9997,False,False
topaneu_center1_mr_750.nii,topaneu_center1_mr_750_0000.nii.gz,584,778,134,3,0.2344,0.2344,0.7,136.88,182.34,93.8,2.9867,float32,0.0,490.0,40.7178,30.2897,0.0,0.0,80.0031,107.9966,False,False
topaneu_center1_mr_760.nii,topaneu_center1_mr_760_0000.nii.gz,529,689,197,3,0.2511,0.2511,0.7,132.84,173.02,137.9,2.7876,int16,0.0,724.0,68.5706,47.5717,0.0,7.9984,129.9963,181.0028,False,False
topaneu_center1_mr_763.nii,topaneu_center1_mr_763_0000.nii.gz,356,434,219,3,0.3819,0.3819,0.4499,135.97,165.76,98.53,1.1779,int16,0.0,1048.0,81.9331,60.0805,0.0,1.9989,168.0062,221.0019,False,False
topaneu_center1_mr_765.nii,topaneu_center1_mr_765_0000.nii.gz,387,430,240,3,0.3819,0.3819,0.45,147.81,164.24,108.0,1.1782,int16,0.0,1010.0,71.2859,53.4119,0.0,2.0035,151.003,203.0018,False,False
topaneu_center1_mr_770.nii,topaneu_center1_mr_770_0000.nii.gz,364,445,243,3,0.3819,0.3819,0.4509,139.03,169.97,109.57,1.1805,int16,0.0,878.0,68.7768,51.3726,0.0,1.9962,135.0058,194.9995,False,False
topaneu_center1_mr_772.nii,topaneu_center1_mr_772_0000.nii.gz,544,659,152,3,0.2511,0.2511,0.7,136.61,165.49,106.4,2.7876,int16,1.9993,522.0,57.8285,34.5318,4.9986,6.9982,115.9972,138.9999,False,False
topaneu_center1_mr_774.nii,topaneu_center1_mr_774_0000.nii.gz,594,671,152,3,0.2623,0.2623,0.7,155.79,175.99,106.4,2.6689,float32,0.0,390.0,40.0986,28.772,0.0,0.0,74.9994,108.0003,False,False
topaneu_center1_mr_775.nii,topaneu_center1_mr_775_0000.nii.gz,388,453,223,3,0.3819,0.3819,0.4501,148.19,173.02,100.37,1.1784,int16,0.0,599.0,63.6836,39.6511,0.0,2.998,122.9991,159.9984,False,False
topaneu_center1_mr_776.nii,topaneu_center1_mr_776_0000.nii.gz,586,644,200,3,0.2455,0.2455,0.5,143.88,158.13,100.0,2.0364,int16,0.0,849.0,77.9766,50.6479,0.0,8.0061,148.9944,225.9984,False,False
topaneu_center1_mr_788.nii,topaneu_center1_mr_788_0000.nii.gz,348,430,216,3,0.3819,0.3819,0.45,132.92,164.24,97.19,1.1781,int16,0.0,822.0,65.7382,44.6061,0.0,2.9978,147.9939,174.9988,False,False
topaneu_center1_mr_789.nii,topaneu_center1_mr_789_0000.nii.gz,550,677,144,3,0.2511,0.2511,0.7,138.11,170.01,100.8,2.7875,int16,0.0,588.0,70.1851,43.6684,0.0,6.9984,129.9997,169.0023,False,False
topaneu_center1_mr_790.nii,topaneu_center1_mr_790_0000.nii.gz,366,485,248,3,0.3819,0.3819,0.45,139.79,185.24,111.6,1.1782,int16,0.0,916.0,76.7228,50.4059,0.0,1.9987,141.995,192.9981,False,False
topaneu_center1_mr_792.nii,topaneu_center1_mr_792_0000.nii.gz,568,741,200,3,0.2455,0.2455,0.5,139.46,181.94,100.0,2.0364,int16,0.0,1073.0,93.2952,56.3725,0.0,11.0026,156.0013,208.0017,False,False
topaneu_center1_mr_795.nii,topaneu_center1_mr_795_0000.nii.gz,622,784,220,3,0.2344,0.2344,0.5,145.78,183.75,110.0,2.1333,int16,0.0,1105.0,111.9815,71.0543,0.0,10.9935,218.9935,312.9948,False,False
topaneu_center1_mr_797.nii,topaneu_center1_mr_797_0000.nii.gz,368,449,248,3,0.3819,0.3819,0.4499,140.56,171.49,111.58,1.178,int16,0.0,856.0,69.0647,49.1061,0.0,1.9984,132.0018,185.0062,False,False
topaneu_center1_mr_800.nii,topaneu_center1_mr_800_0000.nii.gz,386,449,246,3,0.3819,0.3819,0.4501,147.43,171.49,110.72,1.1783,int16,0.0,1441.0,88.452,59.2151,0.0,2.0009,158.997,198.9937,False,False
topaneu_center1_mr_804.nii,topaneu_center1_mr_804_0000.nii.gz,360,433,248,3,0.3819,0.3819,0.45,137.5,165.38,111.6,1.1782,int16,0.0,861.0,60.512,42.1778,0.0,1.997,115.9956,157.9978,False,False
topaneu_center1_mr_807.nii,topaneu_center1_mr_807_0000.nii.gz,364,445,243,3,0.3819,0.3819,0.4501,139.03,169.97,109.38,1.1785,int16,0.0,991.0,74.6553,51.7126,0.0,1.9961,146.998,202.9936,False,False
topaneu_center1_mr_810.nii,topaneu_center1_mr_810_0000.nii.gz,332,430,176,3,0.4102,0.4102,0.5499,136.17,176.37,96.78,1.3407,int16,0.0,433.0,42.2188,28.2681,0.0,2.002,85.0011,110.0026,False,False
topaneu_center1_mr_816.nii,topaneu_center1_mr_816_0000.nii.gz,356,453,223,3,0.3819,0.3819,0.4501,135.97,173.02,100.37,1.1784,int16,0.0,892.0,66.8708,48.7849,0.0,2.0008,119.995,157.0034,False,False
topaneu_center1_mr_819.nii,topaneu_center1_mr_819_0000.nii.gz,368,500,229,3,0.3819,0.3819,0.45,140.56,190.97,103.05,1.1782,int16,0.0,677.0,49.1031,35.6104,0.0,2.0041,99.9979,133.9951,False,False
topaneu_center1_mr_823.nii,topaneu_center1_mr_823_0000.nii.gz,394,449,248,3,0.3819,0.3819,0.45,150.49,171.49,111.6,1.1782,int16,0.0,1025.0,71.9825,52.5954,0.0,2.002,139.9981,202.998,False,False
topaneu_center1_mr_840.nii,topaneu_center1_mr_840_0000.nii.gz,367,461,248,3,0.3819,0.3819,0.45,140.17,176.08,111.61,1.1783,int16,0.0,1045.0,80.5694,56.7033,0.0,1.9932,165.0059,227.0027,False,False
topaneu_center1_mr_842.nii,topaneu_center1_mr_842_0000.nii.gz,364,465,213,3,0.3819,0.3819,0.4499,139.03,177.6,95.84,1.178,int16,0.0,819.0,55.336,39.2291,0.0,2.9993,105.001,132.9946,False,False
topaneu_center1_mr_848.nii,topaneu_center1_mr_848_0000.nii.gz,570,708,192,3,0.2344,0.2344,0.5,133.59,165.94,96.0,2.1333,int16,0.0,939.0,97.2258,62.0756,0.0,10.0011,175.0049,238.0061,False,False
topaneu_center1_mr_850.nii,topaneu_center1_mr_850_0000.nii.gz,380,453,248,3,0.3819,0.3819,0.4499,145.14,173.02,111.57,1.1779,int16,0.0,1011.0,58.7027,43.8585,0.0,1.0027,113.0018,158.002,False,False
topaneu_center1_mr_871.nii,topaneu_center1_mr_871_0000.nii.gz,624,759,288,3,0.2344,0.2344,0.5,146.25,177.89,143.99,2.1333,int16,0.0,862.0,68.9647,51.1294,0.0,0.0,133.0059,170.0061,False,False
topaneu_center1_mr_877.nii,topaneu_center1_mr_877_0000.nii.gz,564,737,154,3,0.2511,0.2511,0.7,141.63,185.07,107.8,2.7876,int16,0.0,473.0,45.5521,30.6152,0.0,3.9985,81.9982,114.0007,False,False
topaneu_center1_mr_891.nii,topaneu_center1_mr_891_0000.nii.gz,380,449,290,3,0.3819,0.3819,0.45,145.14,171.49,130.5,1.1782,int16,0.0,1220.0,70.9875,53.9068,0.0,0.0,136.0085,192.9922,False,False
topaneu_center1_mr_892.nii,topaneu_center1_mr_892_0000.nii.gz,372,457,229,3,0.3819,0.3819,0.4499,142.08,174.55,103.03,1.178,int16,0.0,809.0,55.6439,41.7581,0.0,0.9999,110.0023,154.9982,False,False
topaneu_center1_mr_895.nii,topaneu_center1_mr_895_0000.nii.gz,564,650,224,3,0.2344,0.2344,0.5,132.19,152.34,112.0,2.1333,int16,7.002,898.0001,107.4739,60.1638,12.0053,16.0024,191.9995,259.9919,False,False
topaneu_center1_mr_896.nii,topaneu_center1_mr_896_0000.nii.gz,384,473,213,3,0.3819,0.3819,0.4498,146.67,180.66,95.8,1.1776,int16,0.0,955.0,64.8879,49.3417,0.0,1.9964,130.0001,186.0017,False,False
topaneu_center1_mr_902.nii,topaneu_center1_mr_902_0000.nii.gz,376,493,240,3,0.3819,0.3819,0.45,143.61,188.3,107.99,1.1781,int16,0.0,1169.0,99.0595,68.9529,0.0,2.9967,210.0044,279.001,False,False
topaneu_center1_mr_909.nii,topaneu_center1_mr_909_0000.nii.gz,372,418,223,3,0.3819,0.3819,0.4499,142.08,159.65,100.34,1.178,int16,0.0,1026.0,67.4174,50.6061,0.0,2.0039,132.9957,179.9942,False,False
topaneu_center1_mr_910.nii,topaneu_center1_mr_910_0000.nii.gz,372,453,240,3,0.3819,0.3819,0.45,142.08,173.02,107.99,1.1781,int16,0.0,946.0,72.2998,53.2047,0.0,2.0065,137.0029,184.0034,False,False
topaneu_center1_mr_911.nii,topaneu_center1_mr_911_0000.nii.gz,395,469,246,3,0.3819,0.3819,0.45,150.87,179.13,110.7,1.1782,int16,0.0,746.0,43.6201,29.9868,0.0,3.0052,89.0055,121.0037,False,False
topaneu_center1_mr_917.nii,topaneu_center1_mr_917_0000.nii.gz,346,458,203,3,0.3906,0.3906,0.4992,135.16,178.91,101.34,1.2779,int16,0.0,907.0,57.6589,42.0193,0.0,0.9965,113.9995,160.9999,False,False
topaneu_center1_mr_920.nii,topaneu_center1_mr_920_0000.nii.gz,400,465,344,3,0.3819,0.3819,0.4504,152.78,177.6,154.93,1.1792,int16,0.0,853.0,55.5758,45.666,0.0,0.0,117.0003,168.999,False,False
topaneu_center1_mr_921.nii,topaneu_center1_mr_921_0000.nii.gz,359,441,248,3,0.3819,0.3819,0.4498,137.12,168.44,111.55,1.1776,int16,0.0,976.0,65.0276,47.0123,0.0,1.9956,125.9931,168.0057,False,False
topaneu_center1_mr_922.nii,topaneu_center1_mr_922_0000.nii.gz,540,689,136,3,0.2511,0.2511,0.7,135.6,173.02,95.2,2.7875,int16,0.0,444.0,42.7767,28.6883,0.0,3.9973,76.002,98.0005,False,False
topaneu_center1_mr_924.nii,topaneu_center1_mr_924_0000.nii.gz,394,476,246,3,0.3819,0.3819,0.4498,150.49,181.81,110.66,1.1778,float32,0.0,1065.0,63.3274,52.8411,0.0,0.0,130.9982,194.994,False,False
topaneu_center1_mr_926.nii,topaneu_center1_mr_926_0000.nii.gz,360,422,209,3,0.3819,0.3819,0.4498,137.5,161.18,94.01,1.1776,int16,0.0,776.0,57.7246,42.9344,0.0,2.0011,117.0009,154.0041,False,False
topaneu_center1_mr_928.nii,topaneu_center1_mr_928_0000.nii.gz,556,686,200,3,0.2455,0.2455,0.5,136.52,168.44,100.0,2.0364,int16,0.0,1098.0,104.4155,60.6153,0.0,10.0024,176.9935,258.0011,False,False
topaneu_center1_mr_939.nii,topaneu_center1_mr_939_0000.nii.gz,368,468,219,3,0.3819,0.3819,0.4505,140.56,178.75,98.66,1.1795,int16,0.0,1023.0,62.6543,45.3963,0.0,1.9981,124.0057,166.9956,False,False
topaneu_center1_mr_940.nii,topaneu_center1_mr_940_0000.nii.gz,384,458,248,3,0.3906,0.3906,0.5001,150.0,178.91,124.01,1.2801,int16,0.0,825.0,80.1573,55.0877,0.0,2.0016,157.0062,220.0,False,False
topaneu_center1_mr_942.nii,topaneu_center1_mr_942_0000.nii.gz,386,465,248,3,0.3819,0.3819,0.45,147.43,177.6,111.6,1.1782,int16,0.0,1007.0,68.2503,51.6369,0.0,1.9976,139.9981,188.001,False,False
topaneu_center1_mr_944.nii,topaneu_center1_mr_944_0000.nii.gz,372,489,226,3,0.3819,0.3819,0.45,142.08,186.77,101.7,1.1782,int16,0.0,986.0,67.5258,47.3904,0.0,2.001,122.0031,167.9969,False,False
topaneu_center1_mr_959.nii,topaneu_center1_mr_959_0000.nii.gz,371,410,233,3,0.3819,0.3819,0.4499,141.7,156.6,104.83,1.1779,int16,0.0,825.0,73.2403,52.8735,0.0,2.0016,153.003,206.0014,False,False
topaneu_center1_mr_961.nii,topaneu_center1_mr_961_0000.nii.gz,340,452,240,3,0.3819,0.3819,0.45,129.86,172.64,108.0,1.1782,int16,0.0,1038.0,81.5549,61.4111,0.0,1.9957,183.0022,232.0077,False,False
topaneu_center1_mr_975.nii,topaneu_center1_mr_975_0000.nii.gz,368,445,248,3,0.3819,0.3819,0.4507,140.56,169.97,111.77,1.1799,int16,0.0,998.0,62.2019,46.3334,0.0,1.0051,121.0057,166.0059,False,False
topaneu_center1_mr_981.nii,topaneu_center1_mr_981_0000.nii.gz,368,434,223,3,0.3819,0.3819,0.4499,140.56,165.76,100.32,1.1779,int16,0.0,1135.0,81.7903,57.9934,0.0,1.9917,163.0063,232.0052,False,False
topaneu_center1_mr_991.nii,topaneu_center1_mr_991_0000.nii.gz,574,701,224,3,0.2344,0.2344,0.5,134.53,164.3,112.0,2.1332,int16,0.0,1200.0,86.2916,49.8439,0.0,9.0089,156.0082,194.0032,False,False
topaneu_center2_ct_105.nii,topaneu_center2_ct_105_0000.nii.gz,286,358,221,3,0.4883,0.4883,0.625,139.65,174.8,138.12,1.28,int16,-1023.9546,2190.9985,-47.8013,717.6351,-1003.9393,-1000.0148,1563.9514,1741.9795,False,False
topaneu_center2_ct_107.nii,topaneu_center2_ct_107_0000.nii.gz,289,328,215,3,0.4883,0.4883,0.625,141.11,160.16,134.38,1.28,int16,-1023.9545,2160.9583,-93.7849,659.1401,-1006.0216,-999.9954,1328.026,1636.9677,False,False
topaneu_center2_ct_108.nii,topaneu_center2_ct_108_0000.nii.gz,286,383,227,3,0.4512,0.4512,0.625,129.04,172.8,141.88,1.3853,int16,-1023.9545,2232.0132,-76.1714,661.7844,-1007.0127,-1000.0074,1347.012,1632.9866,False,False
topaneu_center2_ct_109.nii,topaneu_center2_ct_109_0000.nii.gz,215,285,220,3,0.625,0.625,0.625,134.38,178.12,137.5,1.0,int16,-1023.9545,2183.0002,-40.2168,678.8955,-1008.9804,-999.9764,1466.9834,1740.0406,False,False
topaneu_center2_ct_112.nii,topaneu_center2_ct_112_0000.nii.gz,235,261,246,3,0.625,0.625,0.625,146.88,163.12,153.75,1.0,int16,-1023.9546,2059.9563,-164.1289,555.4935,-1003.014,-1000.0023,751.0059,1332.0244,False,False
topaneu_center2_ct_113.nii,topaneu_center2_ct_113_0000.nii.gz,265,355,228,3,0.4883,0.4883,0.625,129.39,173.34,142.5,1.28,int16,-1023.9545,2152.03,-52.5657,665.5464,-1007.9619,-1000.0141,1449.0342,1689.9893,False,False
topaneu_center2_ct_118.nii,topaneu_center2_ct_118_0000.nii.gz,271,334,250,3,0.4883,0.4883,0.625,132.32,163.09,156.25,1.28,int16,-1023.9545,3070.9998,-102.4558,607.0856,-1003.9594,-1000.0228,1058.9829,1405.962,False,False
topaneu_center2_ct_119.nii,topaneu_center2_ct_119_0000.nii.gz,277,365,236,3,0.4883,0.4883,0.625,135.25,178.22,147.5,1.28,int16,-3023.9998,2261.0303,-105.2204,622.9348,-1006.0352,-999.9869,1111.0414,1602.0044,False,False
topaneu_center2_ct_120.nii,topaneu_center2_ct_120_0000.nii.gz,276,351,253,3,0.5156,0.5156,0.625,142.31,180.98,158.12,1.2121,int16,-1023.9545,2096.9717,-123.5159,667.5659,-1007.9534,-1000.0005,1265.9629,1616.9867,False,False
topaneu_center2_ct_125.nii,topaneu_center2_ct_125_0000.nii.gz,293,377,204,3,0.457,0.457,0.7,133.91,172.3,142.8,1.5317,int16,-1024.0,3043.0,100.8446,744.1896,-1000.9763,-999.9834,1607.0297,2003.0245,False,False
topaneu_center2_ct_126.nii,topaneu_center2_ct_126_0000.nii.gz,277,343,115,3,0.4883,0.4883,1.25,135.25,167.48,143.75,2.56,int16,-1023.0245,2516.9766,-61.7414,654.1958,-1000.0133,-1000.0133,1268.9689,1691.0034,False,False
topaneu_center2_ct_127.nii,topaneu_center2_ct_127_0000.nii.gz,334,403,152,3,0.4102,0.4102,1.0,136.99,165.29,152.0,2.4381,int16,-2048.0,2227.0115,-65.8956,678.7758,-1005.9762,-999.9748,1423.0209,1717.0238,False,False
topaneu_center2_ct_128.nii,topaneu_center2_ct_128_0000.nii.gz,233,297,242,3,0.5938,0.5938,0.625,138.34,176.34,151.25,1.0526,int16,-1023.9545,2206.9951,-41.8593,694.8316,-1013.9957,-999.9942,1471.9646,1740.0149,False,False
topaneu_center2_ct_130.nii,topaneu_center2_ct_130_0000.nii.gz,241,315,239,3,0.543,0.543,0.625,130.86,171.04,149.38,1.1511,int16,-1023.9545,2205.042,-87.3689,608.6677,-1003.9504,-1000.0087,1110.036,1531.0596,False,False
topaneu_center2_ct_134.nii,topaneu_center2_ct_134_0000.nii.gz,217,282,222,3,0.582,0.582,0.6,126.3,164.13,133.2,1.0309,int16,-1024.0,3071.0,-85.3413,548.6411,-1002.005,-1000.0055,849.0087,1269.9749,False,False
topaneu_center2_ct_137.nii,topaneu_center2_ct_137_0000.nii.gz,287,320,270,3,0.5039,0.5039,0.625,144.62,161.25,168.75,1.2403,int16,-1023.9545,2250.9861,-44.3001,656.8039,-1000.0178,-1000.0178,1398.9568,1709.9849,False,False
topaneu_center2_ct_138.nii,topaneu_center2_ct_138_0000.nii.gz,334,432,205,3,0.4102,0.4102,0.8,136.99,177.19,164.0,1.9505,int16,-2048.0,2750.9795,-119.7805,644.7464,-2048.0,-999.9647,1178.9998,1586.9514,False,False
topaneu_center2_ct_141.nii,topaneu_center2_ct_141_0000.nii.gz,331,414,499,3,0.4121,0.4121,0.3,136.41,170.61,149.7,1.3737,int16,-1024.0,2229.0054,-134.3741,603.9356,-1017.0011,-999.9753,1038.0485,1551.9969,False,False
topaneu_center2_ct_142.nii,topaneu_center2_ct_142_0000.nii.gz,299,366,266,3,0.457,0.457,0.6,136.65,167.27,159.6,1.3128,int16,-1024.0,2767.0071,-112.155,633.3054,-1006.0096,-999.9935,1122.9937,1687.9858,False,False
topaneu_center2_ct_144.nii,topaneu_center2_ct_144_0000.nii.gz,307,365,307,3,0.4883,0.4883,0.5,149.9,178.22,153.5,1.024,int16,-1024.0,1538.9757,-185.3794,566.0711,-1015.9828,-1004.9933,834.0059,1107.0223,False,False
topaneu_center2_ct_147.nii,topaneu_center2_ct_147_0000.nii.gz,319,369,338,3,0.4648,0.4648,0.45,148.29,171.53,152.08,1.0331,int16,-1024.0,1912.0189,-101.3661,617.0697,-1015.0399,-999.9868,1055.9657,1406.0389,False,False
topaneu_center2_ct_150.nii,topaneu_center2_ct_150_0000.nii.gz,301,365,251,3,0.4551,0.4551,0.625,136.98,166.1,156.88,1.3734,int16,-3024.0,3071.0,-133.1334,641.3679,-1007.0279,-999.9596,1301.9758,1649.9958,False,False
topaneu_center2_ct_154.nii,topaneu_center2_ct_154_0000.nii.gz,395,396,463,3,0.3418,0.3418,0.2999,135.01,135.35,138.87,1.1396,int16,-1024.0,3071.0,5.5609,545.0005,-1008.0037,-1000.0055,1156.001,1401.0073,False,False
topaneu_center2_ct_156.nii,topaneu_center2_ct_156_0000.nii.gz,258,330,232,3,0.4941,0.4941,0.625,127.49,163.07,145.0,1.2648,int16,-1023.9545,2185.0464,-99.6327,667.2285,-1012.9861,-1000.0101,1379.9928,1657.974,False,False
topaneu_center2_ct_160.nii,topaneu_center2_ct_160_0000.nii.gz,274,348,211,3,0.4766,0.4766,0.625,130.58,165.84,131.88,1.3115,int16,-1023.9546,2281.0261,-103.5054,597.4615,-1007.0098,-1000.0,995.9996,1486.9432,False,False
topaneu_center2_ct_161.nii,topaneu_center2_ct_161_0000.nii.gz,276,334,235,3,0.5039,0.5039,0.625,139.08,168.3,146.88,1.2403,int16,-1023.9546,2224.0149,-70.6218,660.4991,-1013.9929,-1000.0167,1368.0001,1690.988,False,False
topaneu_center2_ct_162.nii,topaneu_center2_ct_162_0000.nii.gz,239,300,242,3,0.5703,0.5703,0.6,136.3,171.09,145.2,1.0521,int16,-1024.0,1646.0137,-151.0935,574.903,-1007.0106,-1000.0031,886.0162,1127.004,False,False
topaneu_center2_ct_163.nii,topaneu_center2_ct_163_0000.nii.gz,254,338,207,3,0.5117,0.5117,0.7,129.98,172.96,144.9,1.3679,int16,-1024.0,2959.0,34.6303,737.965,-1001.0264,-999.9932,1847.0298,2172.9751,False,False
topaneu_center2_ct_164.nii,topaneu_center2_ct_164_0000.nii.gz,259,318,238,3,0.5059,0.5059,0.625,131.02,160.86,148.75,1.2355,int16,-1023.9545,2229.0371,26.1969,687.2864,-1005.9858,-999.9796,1514.0093,1697.9658,False,False
topaneu_center2_ct_165.nii,topaneu_center2_ct_165_0000.nii.gz,236,295,227,3,0.5547,0.5547,0.625,130.91,163.63,141.88,1.1268,int16,-1023.9546,2238.9885,-52.1645,693.196,-1008.968,-1000.0059,1594.0177,1781.9724,False,False
topaneu_center2_ct_166.nii,topaneu_center2_ct_166_0000.nii.gz,274,331,234,3,0.4883,0.4883,0.625,133.79,161.62,146.25,1.28,int16,-1023.9546,2160.0283,-65.577,616.9686,-1004.9581,-1000.0024,1152.9695,1482.9552,False,False
topaneu_center2_ct_167.nii,topaneu_center2_ct_167_0000.nii.gz,222,290,237,3,0.5957,0.5957,0.625,132.25,172.75,148.12,1.0492,int16,-1023.9545,2209.9712,-7.4808,693.0856,-1005.9924,-1000.0215,1405.0304,1715.0254,False,False
topaneu_center2_ct_169.nii,topaneu_center2_ct_169_0000.nii.gz,296,364,295,3,0.4785,0.4785,0.5,141.64,174.18,147.5,1.0449,int16,-1024.0,1906.0167,-151.0805,596.2154,-1007.0106,-999.9912,992.9656,1423.0233,False,False
topaneu_center2_ct_170.nii,topaneu_center2_ct_170_0000.nii.gz,334,403,216,3,0.4102,0.4102,0.7,136.99,165.29,151.2,1.7067,int16,-1024.0,2929.0,-51.2969,684.1689,-1001.9836,-999.993,1406.9729,1935.0046,False,False
topaneu_center2_ct_171.nii,topaneu_center2_ct_171_0000.nii.gz,330,340,170,3,0.4102,0.4102,0.8,135.35,139.45,136.0,1.9505,int16,-2048.0,2244.0,-13.1651,604.8017,-1003.9965,-1000.0015,1144.9834,1477.0264,False,False
topaneu_center2_ct_172.nii,topaneu_center2_ct_172_0000.nii.gz,317,406,195,3,0.4277,0.4277,0.8,135.59,173.66,156.0,1.8703,int16,-2048.0,1977.9938,-157.6043,619.7632,-1000.0191,-1000.0191,1021.9777,1389.0382,False,False
topaneu_center2_ct_173.nii,topaneu_center2_ct_173_0000.nii.gz,290,379,220,3,0.4551,0.4551,0.7,131.97,172.47,153.99,1.5381,int16,-1024.0,2995.0,-87.1297,693.4688,-1004.989,-1000.0215,1450.0138,1995.9993,False,False
topaneu_center2_ct_174.nii,topaneu_center2_ct_174_0000.nii.gz,231,282,226,3,0.5605,0.5605,0.625,129.49,158.07,141.25,1.115,int16,-1023.9545,3070.9998,-75.7543,570.0059,-1002.0223,-1000.0228,912.0182,1272.9315,False,False
topaneu_center2_ct_175.nii,topaneu_center2_ct_175_0000.nii.gz,232,323,304,3,0.5879,0.5879,0.5,136.39,189.89,152.0,1.1758,int16,-1024.0,2033.9874,-33.4751,631.9112,-1016.0209,-1002.0223,1247.9678,1533.9585,False,False
topaneu_center2_ct_184.nii,topaneu_center2_ct_184_0000.nii.gz,298,380,243,3,0.4883,0.4883,0.625,145.51,185.55,151.88,1.28,int16,-1023.9546,2214.9937,-124.4847,653.9451,-1004.9761,-999.9844,1233.9928,1652.0635,False,False
topaneu_center2_ct_189.nii,topaneu_center2_ct_189_0000.nii.gz,323,416,197,3,0.3965,0.3965,0.7,128.06,164.94,137.9,1.7655,int16,-1024.0,2956.0,-59.0136,760.703,-1006.9954,-1000.0113,1666.9866,2016.0071,False,False
topaneu_center2_ct_190.nii,topaneu_center2_ct_190_0000.nii.gz,322,392,154,3,0.4102,0.4102,1.0,132.07,160.78,154.0,2.4381,int16,-2047.9999,2208.0303,-98.6093,631.6191,-1004.9526,-1000.017,1177.9717,1533.9884,False,False
topaneu_center2_ct_191.nii,topaneu_center2_ct_191_0000.nii.gz,307,398,230,3,0.4082,0.4082,0.6,125.32,162.46,137.99,1.4698,int16,-1024.0,1904.0171,-85.7239,620.1393,-1015.0195,-1000.0075,1227.984,1455.9794,False,False
topaneu_center2_ct_192.nii,topaneu_center2_ct_192_0000.nii.gz,317,378,500,3,0.4199,0.4199,0.3,133.12,158.73,150.0,1.3997,int16,-31743.0,31726.5312,-71.6801,693.5336,-1019.8147,-1000.4451,1152.4926,1476.9344,False,False
topaneu_center2_ct_193.nii,topaneu_center2_ct_193_0000.nii.gz,361,449,398,3,0.362,0.362,0.3,130.68,162.54,119.4,1.2067,int16,-2048.0,2329.0,-72.9217,701.3556,-2048.0,-1043.0299,1385.0081,1792.0186,False,False
topaneu_center2_ct_196.nii,topaneu_center2_ct_196_0000.nii.gz,296,343,237,3,0.4883,0.4883,0.625,144.53,167.48,148.12,1.28,int16,-1023.9547,2145.9849,-56.878,621.0317,-1007.0251,-1000.0114,1212.0535,1611.0106,False,False
topaneu_center2_ct_197.nii,topaneu_center2_ct_197_0000.nii.gz,332,427,174,3,0.39,0.39,0.8,129.48,166.53,139.2,2.0513,int16,-2048.0,2102.0,-132.9615,659.6989,-2048.0,-999.9723,1183.0284,1461.025,False,False
topaneu_center2_mr_002.nii,topaneu_center2_mr_002_0000.nii.gz,490,583,200,3,0.2976,0.2976,0.55,145.83,173.51,110.0,1.848,int16,0.0,4485.3101,336.3209,248.6731,0.0,0.0,637.2583,808.841,False,False
topaneu_center2_mr_004.nii,topaneu_center2_mr_004_0000.nii.gz,465,570,140,3,0.2976,0.2976,0.55,138.39,169.64,77.0,1.848,int16,0.0,2974.6006,241.6493,161.1033,0.0,10.9389,437.9633,543.8115,False,False
topaneu_center2_mr_007.nii,topaneu_center2_mr_007_0000.nii.gz,480,604,140,3,0.2976,0.2976,0.55,142.86,179.76,77.0,1.848,int16,0.0,2715.4954,220.004,160.2367,0.0,3.4806,432.797,527.0634,False,False
topaneu_center2_mr_010.nii,topaneu_center2_mr_010_0000.nii.gz,470,624,140,3,0.2976,0.2976,0.55,139.88,185.71,77.0,1.848,int16,0.0,3445.4719,238.1169,164.2775,0.0,3.9957,432.1626,544.2515,False,False
topaneu_center2_mr_011.nii,topaneu_center2_mr_011_0000.nii.gz,351,404,136,3,0.3906,0.3906,0.5999,137.1,157.8,81.59,1.536,int16,0.0,2218.0,244.3284,120.8893,38.0074,84.0021,437.0003,577.9966,False,False
topaneu_center2_mr_012.nii,topaneu_center2_mr_012_0000.nii.gz,485,603,200,3,0.2976,0.2976,0.55,144.35,179.46,110.0,1.848,float32,0.0,3937.8435,295.1904,239.1423,0.0,0.0,614.5163,802.5906,False,False
topaneu_center2_mr_016.nii,topaneu_center2_mr_016_0000.nii.gz,460,598,198,3,0.2976,0.2976,0.55,136.9,177.98,108.9,1.848,int16,0.0,5040.4917,400.9449,273.043,0.0,13.7674,755.3624,961.4122,False,False
topaneu_center2_mr_017.nii,topaneu_center2_mr_017_0000.nii.gz,475,608,200,3,0.2976,0.2976,0.55,141.37,180.95,110.0,1.848,int16,0.0,4283.7886,324.1458,218.3262,0.0,0.0,635.2963,816.8188,False,False
topaneu_center2_mr_018.nii,topaneu_center2_mr_018_0000.nii.gz,495,648,196,3,0.2976,0.2976,0.55,147.32,192.86,107.8,1.848,float32,0.0,4359.2339,282.7895,213.0035,0.0,0.0,542.5844,710.9406,False,False
topaneu_center2_mr_019.nii,topaneu_center2_mr_019_0000.nii.gz,510,578,200,3,0.2976,0.2976,0.55,151.79,172.02,110.0,1.848,int16,0.0,3911.49,314.0923,215.2903,0.0,0.0,572.384,699.6335,False,False
topaneu_center2_mr_020.nii,topaneu_center2_mr_020_0000.nii.gz,515,587,200,3,0.2976,0.2976,0.55,153.27,174.7,110.0,1.848,float32,0.0,4862.6226,283.4018,238.9621,0.0,0.0,588.026,757.6446,False,False
topaneu_center2_mr_025.nii,topaneu_center2_mr_025_0000.nii.gz,470,553,200,3,0.2976,0.2976,0.55,139.88,164.58,110.0,1.848,int16,0.0,4113.9077,314.4223,226.4369,0.0,0.0,604.0135,783.6105,False,False
topaneu_center2_mr_028.nii,topaneu_center2_mr_028_0000.nii.gz,450,583,200,3,0.2976,0.2976,0.55,133.93,173.51,110.0,1.848,int16,0.0,3281.4114,240.4565,172.673,0.0,0.0,447.4857,566.8052,False,False
topaneu_center2_mr_029.nii,topaneu_center2_mr_029_0000.nii.gz,455,573,200,3,0.2976,0.2976,0.55,135.42,170.54,110.0,1.848,int16,0.0,3358.7251,246.2547,182.7228,0.0,0.0,499.9009,640.482,False,False
topaneu_center2_mr_031.nii,topaneu_center2_mr_031_0000.nii.gz,465,568,185,3,0.2976,0.2976,0.55,138.39,169.05,101.75,1.848,int16,0.0,4116.9448,339.6608,240.4609,0.0,0.0,650.0671,823.389,False,False
topaneu_center2_mr_032.nii,topaneu_center2_mr_032_0000.nii.gz,490,559,140,3,0.2976,0.2976,0.55,145.83,166.37,77.0,1.848,int16,0.0,3424.8521,276.006,198.454,0.0,4.0763,527.1978,666.1569,False,False
topaneu_center2_mr_034.nii,topaneu_center2_mr_034_0000.nii.gz,450,587,187,3,0.2976,0.2976,0.55,133.93,174.7,102.85,1.848,int16,0.0,4588.6187,310.3344,217.1051,0.0,0.0,567.1444,704.5894,False,False
topaneu_center2_mr_035.nii,topaneu_center2_mr_035_0000.nii.gz,470,572,200,3,0.2976,0.2976,0.55,139.88,170.24,110.0,1.848,int16,0.0,4124.3296,321.9969,227.1885,0.0,0.0,617.6268,757.1498,False,False
topaneu_center2_mr_038.nii,topaneu_center2_mr_038_0000.nii.gz,460,567,200,3,0.2976,0.2976,0.55,136.9,168.75,110.0,1.848,int16,0.0,3615.408,353.6788,220.7395,0.0,0.0,655.722,797.5027,False,False
topaneu_center2_mr_042.nii,topaneu_center2_mr_042_0000.nii.gz,470,572,200,3,0.2976,0.2976,0.55,139.88,170.24,110.0,1.848,int16,0.0,4807.9106,369.1523,256.5154,0.0,0.0,688.7413,913.8955,False,False
topaneu_center2_mr_044.nii,topaneu_center2_mr_044_0000.nii.gz,455,577,138,3,0.2976,0.2976,0.55,135.42,171.73,75.9,1.848,int16,0.0,3442.5847,231.4571,170.1212,0.0,6.829,439.2598,541.4316,False,False
topaneu_center2_mr_047.nii,topaneu_center2_mr_047_0000.nii.gz,480,583,200,3,0.2976,0.2976,0.55,142.86,173.51,110.0,1.848,int16,0.0,3657.7361,306.4565,207.3364,0.0,12.9487,596.6461,765.2586,False,False
topaneu_center2_mr_048.nii,topaneu_center2_mr_048_0000.nii.gz,450,572,200,3,0.2976,0.2976,0.55,133.93,170.24,110.0,1.848,int16,0.0,4124.6475,303.4067,224.7435,0.0,0.0,575.0653,694.0812,False,False
topaneu_center2_mr_049.nii,topaneu_center2_mr_049_0000.nii.gz,475,583,200,3,0.2976,0.2976,0.55,141.37,173.51,110.0,1.848,int16,0.0,4215.2275,337.073,238.7174,0.0,0.0,657.2243,815.8381,False,False
topaneu_center2_mr_050.nii,topaneu_center2_mr_050_0000.nii.gz,450,537,200,3,0.2976,0.2976,0.55,133.93,159.82,110.0,1.848,int16,0.0,4864.0684,331.4022,232.4662,0.0,0.0,593.7674,758.0183,False,False
topaneu_center2_mr_051.nii,topaneu_center2_mr_051_0000.nii.gz,505,632,185,3,0.2976,0.2976,0.55,150.3,188.1,101.75,1.848,int16,0.0,3666.1487,292.744,194.8595,0.0,0.0,516.3432,654.072,False,False
topaneu_center2_mr_054.nii,topaneu_center2_mr_054_0000.nii.gz,500,563,200,3,0.2976,0.2976,0.55,148.81,167.56,110.0,1.848,int16,0.0,4158.3677,301.7041,223.2408,0.0,0.0,579.4493,698.7403,False,False
topaneu_center2_mr_055.nii,topaneu_center2_mr_055_0000.nii.gz,455,569,140,3,0.2976,0.2976,0.55,135.42,169.35,77.0,1.848,int16,0.0,4794.3218,281.9482,189.4165,0.0,4.0236,514.9498,630.7567,False,False
topaneu_center2_mr_056.nii,topaneu_center2_mr_056_0000.nii.gz,480,613,200,3,0.2976,0.2976,0.55,142.86,182.44,110.0,1.848,float32,0.0,5275.6729,356.0522,248.8391,0.0,0.0,647.3939,826.51,False,False
topaneu_center2_mr_057.nii,topaneu_center2_mr_057_0000.nii.gz,460,567,200,3,0.2976,0.2976,0.55,136.9,168.75,110.0,1.848,float32,0.0,3834.0376,306.5917,217.0273,0.0,0.0,586.8503,743.3476,False,False
topaneu_center2_mr_058.nii,topaneu_center2_mr_058_0000.nii.gz,495,603,200,3,0.2976,0.2976,0.55,147.32,179.46,110.0,1.848,int16,0.0,3384.8516,261.9301,186.733,0.0,0.0,496.3003,665.0393,False,False
topaneu_center2_mr_069.nii,topaneu_center2_mr_069_0000.nii.gz,475,583,220,3,0.2976,0.2976,0.5,141.37,173.51,110.0,1.68,int16,0.0,4151.9937,283.5938,217.0172,0.0,0.0,544.8561,695.1351,False,False
topaneu_center2_mr_074.nii,topaneu_center2_mr_074_0000.nii.gz,475,613,200,3,0.2976,0.2976,0.55,141.37,182.44,110.0,1.848,float32,0.0,4640.4819,319.4077,245.2448,0.0,0.0,607.189,780.6716,False,False
topaneu_center2_mr_077.nii,topaneu_center2_mr_077_0000.nii.gz,515,593,193,3,0.2976,0.2976,0.55,153.27,176.49,106.15,1.848,float32,0.0,3292.572,244.1868,192.3737,0.0,0.0,483.3225,619.2256,False,False
topaneu_center2_mr_078.nii,topaneu_center2_mr_078_0000.nii.gz,455,542,200,3,0.2976,0.2976,0.55,135.42,161.31,110.0,1.848,int16,0.0,3743.2375,314.5273,215.1224,0.0,0.0,650.9755,813.7622,False,False
topaneu_center2_mr_079.nii,topaneu_center2_mr_079_0000.nii.gz,495,563,200,3,0.2976,0.2976,0.55,147.32,167.56,110.0,1.848,int16,0.0,5058.4087,395.513,282.5934,0.0,0.0,760.826,945.9189,False,False
topaneu_center2_mr_080.nii,topaneu_center2_mr_080_0000.nii.gz,480,598,200,3,0.2976,0.2976,0.55,142.86,177.98,110.0,1.848,int16,0.0,5365.7397,352.3114,264.0235,0.0,0.0,667.6983,886.2252,False,False
topaneu_center2_mr_083.nii,topaneu_center2_mr_083_0000.nii.gz,500,562,190,3,0.2976,0.2976,0.55,148.81,167.26,104.5,1.848,int16,0.0,3416.646,273.3295,195.2687,0.0,0.0,555.3907,706.8941,False,False
topaneu_center2_mr_085.nii,topaneu_center2_mr_085_0000.nii.gz,445,588,200,3,0.2976,0.2976,0.55,132.44,175.0,110.0,1.848,int16,0.0,4882.4175,338.5615,250.8202,0.0,0.0,650.989,885.3689,False,False
topaneu_center2_mr_086.nii,topaneu_center2_mr_086_0000.nii.gz,408,505,201,3,0.3516,0.3516,0.6,143.44,177.54,120.6,1.7067,int16,0.0,3497.8884,414.2839,275.0956,0.0,18.3074,769.1779,1062.2031,False,False
topaneu_center4_ct_002.nii,topaneu_center4_ct_002_0000.nii.gz,320,403,596,3,0.43,0.43,0.25,137.6,173.29,149.02,1.7198,int16,-2047.9999,2318.0,-103.7988,597.6188,-1019.973,-1001.9854,1065.9935,1588.9675,False,False
topaneu_center4_ct_005.nii,topaneu_center4_ct_005_0000.nii.gz,317,369,604,3,0.43,0.43,0.25,136.31,158.67,150.99,1.7202,int16,-2047.9999,2474.0,-76.5434,570.6874,-1059.9703,-1018.9836,928.9919,1410.0,False,False
topaneu_center4_ct_008_1.nii,topaneu_center4_ct_008_1_0000.nii.gz,310,386,586,3,0.43,0.43,0.25,133.3,165.98,146.5,1.72,int16,-2048.0,2324.0,-35.947,687.7487,-1060.9895,-1020.028,1364.0079,1739.9994,False,False
topaneu_center4_ct_008_2.nii,topaneu_center4_ct_008_2_0000.nii.gz,310,386,586,3,0.43,0.43,0.25,133.3,165.98,146.5,1.72,int16,-2048.0,2324.0,-35.947,687.7487,-1060.9895,-1020.028,1364.0079,1739.9994,False,False
topaneu_center4_ct_009.nii,topaneu_center4_ct_009_0000.nii.gz,368,354,622,3,0.429,0.429,0.25,157.87,151.87,155.5,1.716,int16,-2048.0,2397.0,-154.6258,630.0481,-1028.0273,-1005.9838,1042.9825,1685.0269,False,False
topaneu_center4_ct_012.nii,topaneu_center4_ct_012_0000.nii.gz,332,418,550,3,0.39,0.39,0.25,129.48,163.02,137.5,1.56,int16,-2048.0,2455.0,-100.8849,697.4226,-2048.0,-1020.9711,1270.0037,1712.0239,False,False
topaneu_center4_ct_019.nii,topaneu_center4_ct_019_0000.nii.gz,324,383,598,3,0.43,0.43,0.25,139.32,164.69,149.48,1.7202,int16,-2048.0,2306.0,-131.2118,686.2715,-2048.0,-1024.9911,1120.0192,1585.0172,False,False
topaneu_center4_ct_020_1.nii,topaneu_center4_ct_020_1_0000.nii.gz,352,396,608,3,0.43,0.43,0.25,151.36,170.28,152.02,1.7197,int16,-2047.9999,2317.0,-177.5526,590.6146,-1029.0004,-1009.0187,785.0038,1437.0063,False,False
topaneu_center4_ct_020_2.nii,topaneu_center4_ct_020_2_0000.nii.gz,351,399,610,3,0.429,0.429,0.25,150.58,171.17,152.5,1.716,int16,-2048.0,2436.0,-183.0678,625.5732,-2048.0,-1032.9677,843.0117,1425.0045,False,False
topaneu_center4_ct_020_3.nii,topaneu_center4_ct_020_3_0000.nii.gz,351,397,591,3,0.43,0.43,0.2501,150.93,170.71,147.78,1.7196,int16,-2048.0,2369.0,-170.8854,618.2327,-2048.0,-1026.0275,802.9819,1329.9755,False,False
topaneu_center4_ct_023.nii,topaneu_center4_ct_023_0000.nii.gz,320,382,592,3,0.43,0.43,0.25,137.6,164.26,148.0,1.72,int16,-2048.0,2374.0,-115.3972,636.2551,-1021.0245,-999.9722,1126.9872,1553.9716,False,False
topaneu_center4_ct_025_1.nii,topaneu_center4_ct_025_1_0000.nii.gz,323,372,584,3,0.43,0.43,0.25,138.89,159.96,146.02,1.7197,int16,-2048.0,6911.0,-92.6451,656.0916,-1057.0212,-1025.0321,1122.0657,1653.0302,False,False
topaneu_center4_ct_025_2.nii,topaneu_center4_ct_025_2_0000.nii.gz,323,367,574,3,0.429,0.429,0.25,138.57,157.44,143.5,1.716,int16,-1340.0,2386.0,-76.9312,670.029,-1066.0151,-1027.0126,1210.9753,1731.9956,False,False
topaneu_center4_ct_030.nii,topaneu_center4_ct_030_0000.nii.gz,330,393,626,3,0.43,0.43,0.25,141.9,168.99,156.52,1.7198,int16,-2048.0,2356.0,-79.2092,649.6642,-1068.0117,-1015.9984,1194.973,1697.9705,False,False
topaneu_center4_ct_034_1.nii,topaneu_center4_ct_034_1_0000.nii.gz,319,384,554,3,0.41,0.41,0.25,130.79,157.44,138.5,1.64,int16,-2048.0,9098.0,-189.5159,632.3326,-2048.0,-1068.016,747.0463,1315.9541,False,False
topaneu_center4_ct_034_2.nii,topaneu_center4_ct_034_2_0000.nii.gz,301,371,285,3,0.429,0.429,0.3,129.13,159.16,85.5,1.4301,int16,-1260.9998,8044.0,-76.2277,543.9682,-1098.0007,-1046.0342,785.0069,1353.9415,False,False
topaneu_center4_ct_037.nii,topaneu_center4_ct_037_0000.nii.gz,345,383,610,3,0.43,0.43,0.25,148.35,164.69,152.49,1.7201,int16,-2048.0,2391.0,-116.8604,629.492,-1063.0006,-1023.9854,1102.0068,1639.0083,False,False
topaneu_center4_ct_041.nii,topaneu_center4_ct_041_0000.nii.gz,335,422,592,3,0.39,0.39,0.25,130.65,164.58,148.0,1.56,int16,-2048.0,2623.0,-157.6321,602.5897,-1221.9952,-1023.9937,822.0261,1408.9747,False,False
topaneu_center4_ct_042_2.nii,topaneu_center4_ct_042_2_0000.nii.gz,319,368,586,3,0.429,0.429,0.25,136.85,157.87,146.48,1.7162,int16,-1337.0,2419.0,-68.0018,625.411,-1055.9949,-1022.0084,1169.9803,1720.9865,False,False
topaneu_center4_ct_045.nii,topaneu_center4_ct_045_0000.nii.gz,323,386,598,3,0.43,0.43,0.25,138.89,165.98,149.5,1.72,int16,-2048.0,2386.0,-28.2502,628.7097,-1055.9911,-1017.967,1132.0173,1587.0208,False,False
topaneu_center4_ct_047.nii,topaneu_center4_ct_047_0000.nii.gz,331,390,622,3,0.43,0.43,0.25,142.33,167.7,155.5,1.72,int16,-2048.0,2373.0,-159.5888,655.8925,-2048.0,-1035.0186,1037.0194,1559.026,False,False
topaneu_center4_ct_048.nii,topaneu_center4_ct_048_0000.nii.gz,333,423,628,3,0.429,0.429,0.25,142.86,181.47,156.99,1.7162,int16,-2048.0,2517.0,-153.4737,667.7095,-2048.0,-1037.9673,1070.0061,1624.9669,False,False
topaneu_center4_ct_051_1.nii,topaneu_center4_ct_051_1_0000.nii.gz,306,396,598,3,0.43,0.43,0.25,131.58,170.28,149.5,1.72,int16,-2047.9999,2413.0,-119.7217,615.6674,-1050.0184,-1024.9684,924.9789,1396.9797,False,False
topaneu_center4_ct_051_2.nii,topaneu_center4_ct_051_2_0000.nii.gz,306,397,296,3,0.43,0.43,0.3,131.58,170.71,88.8,1.4334,int16,-2048.0,2452.0,8.2417,527.9222,-1073.0172,-1014.0334,939.0222,1466.9921,False,False
topaneu_center4_ct_055.nii,topaneu_center4_ct_055_0000.nii.gz,320,372,597,3,0.43,0.43,0.25,137.6,159.96,149.25,1.72,int16,-2048.0,2369.0,-91.0153,659.6254,-2048.0,-1015.985,1124.0038,1642.0333,False,False
topaneu_center4_ct_057.nii,topaneu_center4_ct_057_0000.nii.gz,313,358,584,3,0.43,0.43,0.25,134.59,153.94,146.02,1.7198,int16,-1297.0,2426.0,-42.8012,650.3921,-1053.0039,-1019.9977,1234.9922,1664.0164,False,False
topaneu_center4_ct_059.nii,topaneu_center4_ct_059_0000.nii.gz,341,393,602,3,0.43,0.43,0.25,146.63,168.99,150.52,1.7197,int16,-2048.0,2436.0,-152.1855,633.9474,-2048.0,-1027.9729,932.028,1478.0312,False,False
topaneu_center4_ct_060.nii,topaneu_center4_ct_060_0000.nii.gz,313,372,592,3,0.43,0.43,0.25,134.59,159.96,148.0,1.72,int16,-2048.0,7296.0,-152.7663,633.6183,-2048.0,-1023.9883,937.0612,1422.9749,False,False
topaneu_center4_ct_062_1.nii,topaneu_center4_ct_062_1_0000.nii.gz,378,426,622,3,0.39,0.39,0.25,147.42,166.14,155.5,1.56,int16,-2048.0,2364.0,-119.8711,691.0779,-2048.0,-1037.0134,1121.019,1644.9924,False,False
topaneu_center4_ct_062_2.nii,topaneu_center4_ct_062_2_0000.nii.gz,354,385,626,3,0.429,0.429,0.25,151.87,165.16,156.52,1.7158,int16,-2048.0,8827.0,-133.6595,639.958,-1094.0002,-1027.9553,1079.0085,1691.9977,False,False
topaneu_center4_ct_063.nii,topaneu_center4_ct_063_0000.nii.gz,343,423,610,3,0.39,0.39,0.25,133.77,164.97,152.5,1.56,int16,-2048.0,2456.0,-114.8661,665.1464,-2048.0,-1028.9902,1089.0272,1562.004,False,False
topaneu_center4_ct_064.nii,topaneu_center4_ct_064_0000.nii.gz,347,446,608,3,0.39,0.39,0.25,135.33,173.94,152.01,1.5599,int16,-2047.9999,2445.0,-123.7753,635.9371,-2047.9999,-1020.9893,939.9975,1503.0022,False,False
topaneu_center4_ct_065.nii,topaneu_center4_ct_065_0000.nii.gz,355,422,610,3,0.39,0.39,0.25,138.45,164.58,152.49,1.5601,int16,-2048.0,2342.0,-89.4898,759.9916,-2048.0,-1025.9777,1509.0153,1766.9827,False,False
topaneu_center4_ct_067.nii,topaneu_center4_ct_067_0000.nii.gz,324,403,608,3,0.43,0.43,0.25,139.32,173.29,152.02,1.7197,int16,-2048.0,2402.0,-122.483,587.3082,-1058.9979,-1021.991,826.9981,1327.0332,False,False
topaneu_center4_ct_070.nii,topaneu_center4_ct_070_0000.nii.gz,322,385,604,3,0.429,0.429,0.25,138.14,165.16,151.0,1.716,int16,-2047.9999,2476.0,-132.1684,619.3828,-1060.0166,-1025.0175,986.0173,1634.0189,False,False
topaneu_center4_ct_072.nii,topaneu_center4_ct_072_0000.nii.gz,313,372,580,3,0.43,0.43,0.25,134.59,159.96,145.0,1.72,int16,-1284.0,2457.0,-54.6833,627.829,-1052.0106,-1021.9844,1119.9785,1596.9725,False,False
topaneu_center4_ct_074.nii,topaneu_center4_ct_074_0000.nii.gz,323,396,585,3,0.43,0.43,0.25,138.89,170.28,146.26,1.7199,int16,-2048.0,2429.0,-167.1661,628.4706,-2048.0,-1021.9824,821.9664,1416.9869,False,False
topaneu_center4_ct_083.nii,topaneu_center4_ct_083_0000.nii.gz,359,434,548,3,0.39,0.39,0.25,140.01,169.26,137.0,1.56,int16,-2048.0,2493.0,-84.2703,600.6871,-2048.0,-1005.9987,804.0266,1281.0273,False,False
topaneu_center4_ct_087.nii,topaneu_center4_ct_087_0000.nii.gz,327,372,274,3,0.43,0.43,0.5,140.61,159.96,137.0,1.1628,int16,-2048.0,2426.0,-28.4319,625.8611,-2048.0,-1006.0123,1220.0305,1640.9763,False,False
topaneu_center4_ct_093.nii,topaneu_center4_ct_093_0000.nii.gz,355,369,274,3,0.43,0.43,0.5,152.65,158.67,137.0,1.1628,int16,-2048.0,2392.0,-57.9456,648.8461,-2048.0,-1010.0014,1265.994,1676.0175,False,False
topaneu_center4_ct_094.nii,topaneu_center4_ct_094_0000.nii.gz,343,400,568,3,0.39,0.39,0.25,133.77,156.0,142.0,1.56,int16,-2048.0,2370.0,-28.6456,690.0671,-1065.0312,-1018.9872,1436.9852,1759.9674,False,False
topaneu_center4_ct_097.nii,topaneu_center4_ct_097_0000.nii.gz,296,368,556,3,0.43,0.43,0.25,127.28,158.24,139.0,1.72,int16,-1363.0,2499.0,-144.0793,574.7154,-1047.0155,-1021.0272,786.0128,1370.0125,False,False
topaneu_center4_ct_101.nii,topaneu_center4_ct_101_0000.nii.gz,374,407,598,3,0.39,0.39,0.25,145.86,158.73,149.5,1.56,int16,-2048.0,2531.0,-239.3699,605.8795,-2048.0,-1023.9697,573.9814,1076.9832,False,False
topaneu_center4_ct_102.nii,topaneu_center4_ct_102_0000.nii.gz,352,403,626,3,0.43,0.43,0.25,151.36,173.29,156.51,1.7199,int16,-2048.0,2321.0,-71.7836,696.6752,-2048.0,-1031.0,1287.0001,1665.0001,False,False
topaneu_center4_ct_103.nii,topaneu_center4_ct_103_0000.nii.gz,327,428,610,3,0.43,0.43,0.25,140.61,184.04,152.49,1.7202,int16,-2048.0,2339.0,-57.1553,624.0513,-1076.0118,-1023.9985,1178.9738,1538.9841,False,False
topaneu_center4_ct_104.nii,topaneu_center4_ct_104_0000.nii.gz,351,423,598,3,0.39,0.39,0.25,136.89,164.97,149.49,1.5601,int16,-2047.9999,2382.0,-127.1293,676.9856,-2047.9999,-1029.9821,1222.0275,1763.0099,False,False
topaneu_center4_ct_105.nii,topaneu_center4_ct_105_0000.nii.gz,319,413,610,3,0.429,0.429,0.25,136.85,177.18,152.5,1.716,int16,-2048.0,2432.0,-159.4261,676.9773,-2048.0,-1029.9767,1125.9742,1677.9846,False,False
topaneu_center4_ct_106.nii,topaneu_center4_ct_106_0000.nii.gz,324,403,615,3,0.43,0.43,0.25,139.32,173.29,153.76,1.7199,int16,-2047.9999,2380.0,-137.2564,711.85,-2047.9999,-1025.9823,1313.9962,1682.9792,False,False
topaneu_center4_ct_107.nii,topaneu_center4_ct_107_0000.nii.gz,344,385,602,3,0.429,0.429,0.25,147.58,165.17,150.52,1.7157,int16,-2047.9999,2314.0,-108.2376,707.03,-2047.9999,-1031.032,1370.98,1751.9685,False,False
topaneu_center4_ct_108.nii,topaneu_center4_ct_108_0000.nii.gz,306,393,602,3,0.43,0.43,0.25,131.58,168.99,150.52,1.7198,int16,-2048.0002,7908.0,-88.0101,646.2669,-1098.0518,-1019.9655,977.0074,1538.9552,False,False
topaneu_center4_ct_115.nii,topaneu_center4_ct_115_0000.nii.gz,299,414,351,3,0.43,0.43,0.3,128.57,178.02,105.3,1.4334,int16,-2048.0,2271.0,-13.0897,603.3157,-1062.0145,-1012.9822,1244.0225,1679.9755,False,False
topaneu_center4_ct_116.nii,topaneu_center4_ct_116_0000.nii.gz,378,426,301,3,0.39,0.39,0.3,147.42,166.14,90.3,1.3001,int16,-2048.0,6324.0,24.4063,634.8466,-2048.0,-1010.9374,1338.9968,1719.0488,False,False
topaneu_center4_ct_119.nii,topaneu_center4_ct_119_0000.nii.gz,320,369,290,3,0.43,0.43,0.3,137.6,158.67,87.0,1.4334,int16,-1285.0,2263.0,34.0882,584.2238,-1068.0109,-1008.9993,1290.0137,1708.9955,False,False
topaneu_center4_ct_122.nii,topaneu_center4_ct_122_0000.nii.gz,308,382,491,3,0.429,0.429,0.3,132.13,163.88,147.29,1.4301,int16,-1297.0,2424.0,-130.4264,670.7587,-1096.0031,-1058.0179,1151.0188,1672.0214,False,False
topaneu_center4_ct_127.nii,topaneu_center4_ct_127_0000.nii.gz,354,396,273,3,0.429,0.429,0.3,151.87,169.88,81.9,1.4301,int16,-2048.0002,7021.0,-92.1641,571.8934,-1099.9309,-1040.9794,874.9482,1568.9443,False,False
topaneu_center4_ct_129.nii,topaneu_center4_ct_129_0000.nii.gz,377,415,270,3,0.39,0.39,0.3,147.03,161.85,81.0,1.3001,int16,-2048.0,2343.0,-115.8587,644.8461,-2048.0,-1038.0063,957.9941,1485.9728,False,False
topaneu_center4_ct_134.nii,topaneu_center4_ct_134_0000.nii.gz,325,350,319,3,0.429,0.429,0.3,139.42,150.15,95.7,1.4301,int16,-1307.0,2483.0,-49.2837,557.2113,-1090.0155,-1029.9862,932.995,1622.9849,False,False
topaneu_center4_ct_140.nii,topaneu_center4_ct_140_0000.nii.gz,366,395,346,3,0.39,0.39,0.3,142.74,154.05,103.8,1.3001,int16,-2048.0,2395.0,-34.6612,576.7375,-1101.9769,-1022.9948,1008.982,1643.0087,False,False
topaneu_center4_ct_193.nii,topaneu_center4_ct_193_0000.nii.gz,308,371,324,3,0.429,0.429,0.3,132.13,159.16,97.2,1.4301,int16,-1268.0,2384.0,-76.3629,590.1916,-1090.0112,-1040.0251,960.9822,1564.9957,False,False
topaneu_center4_ct_200.nii,topaneu_center4_ct_200_0000.nii.gz,370,419,280,3,0.39,0.39,0.3,144.3,163.41,84.0,1.3001,int16,-2047.9999,2412.0,-95.8838,614.5654,-2047.9999,-1011.9951,956.0262,1557.9747,False,False
topaneu_center4_ct_201.nii,topaneu_center4_ct_201_0000.nii.gz,512,512,301,3,0.468,0.468,0.3,239.62,239.62,90.3,1.5601,int16,-1274.0,2286.0,-681.8538,581.4269,-1039.0026,-999.9993,164.9929,1524.0237,False,False
topaneu_center5_mr_007.nii,topaneu_center5_mr_007_0000.nii.gz,406,448,124,3,0.4464,0.4464,0.55,181.25,200.0,68.2,1.232,uint16,0.0,1035.0,108.0211,82.0683,13.0,17.0,241.0,328.0,False,False
topaneu_center5_mr_009.nii,topaneu_center5_mr_009_0000.nii.gz,544,768,200,3,0.2865,0.2865,0.7,155.83,220.0,140.0,2.4436,uint16,0.0,430.0,40.822,32.7133,5.0,6.0,91.0,122.0,False,False
topaneu_center5_mr_010.nii,topaneu_center5_mr_010_0000.nii.gz,512,512,120,3,0.3906,0.3906,0.675,200.0,200.0,81.0,1.728,uint16,0.0,1581.0,103.4666,102.268,0.0,1.0,254.0,310.0,False,False
topaneu_center5_mr_011.nii,topaneu_center5_mr_011_0000.nii.gz,512,512,120,3,0.3906,0.3906,0.675,200.0,200.0,81.0,1.728,uint16,0.0,1363.0,88.4932,96.6195,0.0,1.0,237.0,289.0,False,False
topaneu_center5_mr_015.nii,topaneu_center5_mr_015_0000.nii.gz,512,512,120,3,0.3906,0.3906,0.675,200.0,200.0,81.0,1.728,uint16,0.0,931.0,64.486,60.7286,0.0,1.0,151.0,171.0,False,False
topaneu_center5_mr_016.nii,topaneu_center5_mr_016_0000.nii.gz,512,512,120,3,0.3906,0.3906,0.675,200.0,200.0,81.0,1.728,uint16,0.0,1372.0,89.5472,83.4948,0.0,1.0,215.0,259.0,False,False
topaneu_center5_mr_021.nii,topaneu_center5_mr_021_0000.nii.gz,512,512,120,3,0.3906,0.3906,0.675,200.0,200.0,81.0,1.728,uint16,0.0,1447.0,108.5281,104.2439,0.0,2.0,265.0,305.0,False,False
topaneu_center5_mr_022.nii,topaneu_center5_mr_022_0000.nii.gz,512,512,120,3,0.3906,0.3906,0.675,200.0,200.0,81.0,1.728,uint16,0.0,1340.0,94.2258,93.712,0.0,1.0,238.0,279.0,False,False
topaneu_center5_mr_023.nii,topaneu_center5_mr_023_0000.nii.gz,540,768,200,3,0.2865,0.2865,0.65,154.69,220.0,130.0,2.2691,uint16,0.0,508.0,46.1691,38.8415,6.0,7.0,108.0,139.0,False,False
topaneu_center5_mr_024.nii,topaneu_center5_mr_024_0000.nii.gz,544,768,200,3,0.2995,0.2995,0.65,162.92,230.0,130.0,2.1704,uint16,0.0,516.0,42.264,36.0831,5.0,6.0,95.0,122.0,False,False
topaneu_center5_mr_025.nii,topaneu_center5_mr_025_0000.nii.gz,512,512,120,3,0.3906,0.3906,0.675,200.0,200.0,81.0,1.728,uint16,0.0,1409.0,104.2729,104.3286,0.0,1.0,266.0,310.0,False,False
topaneu_center5_mr_027.nii,topaneu_center5_mr_027_0000.nii.gz,512,512,120,3,0.3906,0.3906,0.675,200.0,200.0,81.0,1.728,uint16,0.0,1043.0,61.3187,60.425,0.0,1.0,153.0,178.0,False,False
topaneu_center5_mr_028.nii,topaneu_center5_mr_028_0000.nii.gz,696,768,175,3,0.2865,0.2865,0.6,199.38,220.0,105.0,2.0945,uint16,0.0,963.0,51.5247,55.2866,4.0,5.0,138.0,177.0,False,False
topaneu_center5_mr_029.nii,topaneu_center5_mr_029_0000.nii.gz,406,448,124,3,0.4464,0.4464,0.55,181.25,200.0,68.2,1.232,uint16,0.0,573.0,42.7956,33.9143,5.0,6.0,93.0,130.0,False,False
topaneu_center5_mr_030.nii,topaneu_center5_mr_030_0000.nii.gz,406,448,124,3,0.4464,0.4464,0.55,181.25,200.0,68.2,1.232,uint16,0.0,1258.0,88.0363,67.1153,13.0,16.0,182.0,242.0,False,False
topaneu_center5_mr_031.nii,topaneu_center5_mr_031_0000.nii.gz,406,448,124,3,0.4464,0.4464,0.55,181.25,200.0,68.2,1.232,uint16,0.0,1462.0,105.5969,76.6942,13.0,16.0,216.0,291.0,False,False
topaneu_center5_mr_032.nii,topaneu_center5_mr_032_0000.nii.gz,512,512,120,3,0.3906,0.3906,0.675,200.0,200.0,81.0,1.728,uint16,0.0,1513.0,101.6732,100.2565,0.0,1.0,254.0,312.0,False,False
topaneu_center5_mr_033.nii,topaneu_center5_mr_033_0000.nii.gz,512,512,120,3,0.3906,0.3906,0.675,200.0,200.0,81.0,1.728,uint16,0.0,1612.0,110.7384,107.8184,0.0,1.0,269.0,308.0,False,False
topaneu_center5_mr_034.nii,topaneu_center5_mr_034_0000.nii.gz,512,512,120,3,0.3906,0.3906,0.675,200.0,200.0,81.0,1.728,uint16,0.0,1455.0,99.8331,104.2154,0.0,0.0,257.0,291.0,False,False
topaneu_center5_mr_036.nii,topaneu_center5_mr_036_0000.nii.gz,406,448,124,3,0.4464,0.4464,0.55,181.25,200.0,68.2,1.232,uint16,0.0,662.0,50.6358,38.8239,8.0,10.0,107.0,136.0,False,False
topaneu_center5_mr_037.nii,topaneu_center5_mr_037_0000.nii.gz,512,512,120,3,0.3906,0.3906,0.675,200.0,200.0,81.0,1.728,uint16,0.0,1495.0,100.7098,97.1397,0.0,2.0,245.0,294.0,False,False
topaneu_center5_mr_038.nii,topaneu_center5_mr_038_0000.nii.gz,406,448,124,3,0.4464,0.4464,0.55,181.25,200.0,68.2,1.232,uint16,0.0,925.0,79.9281,59.1244,13.0,16.0,167.0,215.0,False,False
topaneu_center5_mr_039.nii,topaneu_center5_mr_039_0000.nii.gz,406,448,124,3,0.4464,0.4464,0.55,181.25,200.0,68.2,1.232,uint16,0.0,810.0,66.6604,51.4998,8.0,11.0,137.0,170.0,False,False
topaneu_center5_mr_041.nii,topaneu_center5_mr_041_0000.nii.gz,616,768,200,3,0.2865,0.2865,0.6,176.46,220.0,120.0,2.0945,uint16,0.0,981.0,68.8143,57.5838,6.0,7.0,151.0,188.0,False,False
topaneu_center5_mr_052.nii,topaneu_center5_mr_052_0000.nii.gz,480,480,150,3,0.3333,0.3333,0.4,160.0,160.0,60.0,1.2,float64,0.0,3383.959,311.5873,212.8574,3.5546,17.7729,565.178,689.5883,False,False
topaneu_center5_mr_061.nii,topaneu_center5_mr_061_0000.nii.gz,480,480,150,3,0.3333,0.3333,0.4,160.0,160.0,60.0,1.2,float64,0.0,3046.1538,280.841,190.3351,2.2154,6.6462,491.8154,578.2154,False,False
topaneu_center5_mr_063.nii,topaneu_center5_mr_063_0000.nii.gz,480,480,150,3,0.3333,0.3333,0.4,160.0,160.0,60.0,1.2,float64,0.0,3500.1443,302.787,221.01,2.5199,7.5597,564.4581,637.5353,False,False
topaneu_center5_mr_068.nii,topaneu_center5_mr_068_0000.nii.gz,480,480,150,3,0.3333,0.3333,0.4,160.0,160.0,60.0,1.2,float64,0.0,2186.3389,175.9287,129.5732,2.1907,8.7629,354.8967,420.6183,False,False
topaneu_center5_mr_074.nii,topaneu_center5_mr_074_0000.nii.gz,480,480,150,3,0.3333,0.3333,0.4,160.0,160.0,60.0,1.2,float64,0.0,2361.8958,248.9067,171.2289,2.8354,8.5062,439.4884,575.588,False,False
topaneu_center5_mr_079.nii,topaneu_center5_mr_079_0000.nii.gz,480,480,150,3,0.3333,0.3333,0.4,160.0,160.0,60.0,1.2,float64,0.0,2168.4478,220.5708,149.5041,4.0991,12.2974,395.5675,504.1949,False,False
topaneu_center5_mr_081.nii,topaneu_center5_mr_081_0000.nii.gz,480,480,150,3,0.3333,0.3333,0.4,160.0,160.0,60.0,1.2,float64,0.0,2702.3794,215.1627,154.4926,2.0535,8.2139,408.6425,498.9956,False,False
topaneu_center5_mr_082.nii,topaneu_center5_mr_082_0000.nii.gz,480,480,150,3,0.3333,0.3333,0.4,160.0,160.0,60.0,1.2,float64,0.0,2495.2791,209.3792,162.6932,1.9946,5.9839,440.8127,554.5065,False,False
topaneu_center5_mr_451.nii,topaneu_center5_mr_451_0000.nii.gz,481,629,200,3,0.2865,0.2865,0.5,137.79,180.18,100.0,1.7455,float64,0.0,1278.0,93.1035,63.8486,0.0,0.0,189.004,289.0053,False,False
topaneu_center5_mr_452.nii,topaneu_center5_mr_452_0000.nii.gz,609,784,160,3,0.2344,0.2344,0.7,142.73,183.75,112.0,2.9867,float64,0.0,389.0,40.0522,24.7139,0.0,4.0007,68.9973,97.0022,False,False
topaneu_center5_mr_453.nii,topaneu_center5_mr_453_0000.nii.gz,623,733,143,3,0.2344,0.2344,0.7,146.02,171.8,100.1,2.9867,float64,0.0,469.0,41.862,27.8836,0.0,0.0,76.0018,106.9966,False,False
topaneu_center5_mr_454.nii,topaneu_center5_mr_454_0000.nii.gz,242,333,144,3,0.5469,0.5469,0.7,132.34,182.11,100.8,1.28,float64,0.0,649.0,53.0274,32.4385,0.0,0.0,96.0007,125.9972,False,False
topaneu_center5_mr_455.nii,topaneu_center5_mr_455_0000.nii.gz,578,746,190,3,0.2344,0.2344,0.7,135.47,174.84,133.0,2.9867,float64,0.0,377.0,37.852,27.1999,0.0,0.0,73.0011,104.0022,False,False
topaneu_center5_mr_457.nii,topaneu_center5_mr_457_0000.nii.gz,508,650,168,3,0.2734,0.2734,0.5,138.91,177.73,84.0,1.8286,float64,0.0,537.0,55.7158,35.1534,0.0,0.0,101.0004,138.9964,False,False
topaneu_center5_mr_458.nii,topaneu_center5_mr_458_0000.nii.gz,253,322,127,3,0.5469,0.5469,0.7,138.36,176.09,88.9,1.28,float64,0.0,609.0,55.7301,40.5373,0.0,0.0,127.9983,165.002,False,False
topaneu_center5_mr_459.nii,topaneu_center5_mr_459_0000.nii.gz,517,645,144,3,0.2865,0.2865,0.6,148.1,184.77,86.4,2.0946,float64,0.0,980.0,87.0231,64.5881,0.0,0.0,176.9937,262.9932,False,False
topaneu_center5_mr_460.nii,topaneu_center5_mr_460_0000.nii.gz,502,604,200,3,0.2865,0.2865,0.5,143.8,173.02,100.0,1.7454,float64,0.0,1004.0,89.7859,60.5775,0.0,0.0,161.9943,249.9927,False,False
topaneu_center5_mr_461.nii,topaneu_center5_mr_461_0000.nii.gz,628,765,141,3,0.2344,0.2344,0.7,147.19,179.3,98.7,2.9867,float64,0.0,457.0,38.7485,26.6896,0.0,0.0,69.0015,94.9983,False,False
topaneu_center5_mr_462.nii,topaneu_center5_mr_462_0000.nii.gz,480,577,183,3,0.2865,0.2865,0.5,137.5,165.29,91.5,1.7455,float64,0.0,1010.0,104.0526,65.5162,0.0,0.0,207.9951,297.9989,False,False
topaneu_center5_mr_464.nii,topaneu_center5_mr_464_0000.nii.gz,517,640,200,3,0.2865,0.2865,0.5,148.1,183.33,100.0,1.7455,float64,0.0,941.0,91.6438,60.9637,0.0,0.0,180.0012,263.9998,False,False
topaneu_center5_mr_465.nii,topaneu_center5_mr_465_0000.nii.gz,470,614,199,3,0.2865,0.2865,0.5,134.64,175.89,99.5,1.7455,float64,0.0,1201.0,100.4657,61.6546,0.0,0.0,204.9956,275.9908,False,False
topaneu_center5_mr_466.nii,topaneu_center5_mr_466_0000.nii.gz,278,319,150,3,0.5469,0.5469,0.7,152.03,174.45,105.0,1.28,float64,0.0,591.0,49.216,35.3634,0.0,0.0,97.9995,135.0007,False,False
topaneu_center5_mr_467.nii,topaneu_center5_mr_467_0000.nii.gz,548,635,200,3,0.2865,0.2865,0.5,156.98,181.9,100.0,1.7455,float64,0.0,948.0,103.414,67.2915,0.0,0.0,198.0045,305.0062,False,False
topaneu_center5_mr_469.nii,topaneu_center5_mr_469_0000.nii.gz,470,596,168,3,0.2734,0.2734,0.5,128.52,162.97,84.0,1.8286,float64,0.0,648.0,56.6708,38.0493,0.0,0.0,111.001,150.9973,False,False
topaneu_center5_mr_470.nii,topaneu_center5_mr_470_0000.nii.gz,250,325,149,3,0.5469,0.5469,0.7,136.72,177.73,104.3,1.28,float64,0.0,713.0,62.5414,39.6581,0.0,0.0,112.9964,150.9991,False,False
topaneu_center5_mr_471.nii,topaneu_center5_mr_471_0000.nii.gz,598,729,158,3,0.2455,0.2455,0.7,146.83,179.0,110.6,2.8509,float64,0.0,496.0,48.987,30.0537,0.0,2.9971,89.9967,126.0,False,False
topaneu_center5_mr_472.nii,topaneu_center5_mr_472_0000.nii.gz,269,334,156,3,0.5469,0.5469,0.7,147.11,182.66,109.2,1.28,float64,0.0,810.0,81.7122,49.2346,0.0,0.0,146.9952,204.9998,False,False
topaneu_center5_mr_473.nii,topaneu_center5_mr_473_0000.nii.gz,264,314,143,3,0.5469,0.5469,0.7,144.38,171.72,100.1,1.28,float64,0.0,526.0,50.4172,32.0142,0.0,0.0,101.9975,133.0029,False,False
topaneu_center5_mr_474.nii,topaneu_center5_mr_474_0000.nii.gz,518,640,200,3,0.2865,0.2865,0.5,148.39,183.33,100.0,1.7455,float64,0.0,1080.0,100.6564,67.6186,0.0,0.0,198.0041,299.9973,False,False
topaneu_center5_mr_475.nii,topaneu_center5_mr_475_0000.nii.gz,507,618,168,3,0.2734,0.2734,0.5,138.63,168.98,84.0,1.8286,float64,0.0,617.0,57.9852,33.5717,0.0,0.0,96.0029,137.0044,False,False
topaneu_center5_mr_476.nii,topaneu_center5_mr_476_0000.nii.gz,259,328,151,3,0.5469,0.5469,0.7,141.64,179.38,105.7,1.28,float64,0.0,692.0,64.1248,41.3367,0.0,0.0,123.0046,170.9964,False,False
topaneu_center5_mr_478.nii,topaneu_center5_mr_478_0000.nii.gz,608,721,149,3,0.2344,0.2344,0.7,142.5,168.98,104.3,2.9867,float64,0.0,722.0,68.4914,48.8878,0.0,0.0,136.005,175.9968,False,False
topaneu_center5_mr_479.nii,topaneu_center5_mr_479_0000.nii.gz,596,702,152,3,0.2344,0.2344,0.7,139.69,164.53,106.4,2.9867,float64,0.0,504.0,51.6728,36.9037,0.0,0.0,102.9995,137.9992,False,False
topaneu_center5_mr_480.nii,topaneu_center5_mr_480_0000.nii.gz,294,382,136,3,0.4688,0.4688,0.7,137.81,179.06,95.2,1.4933,float64,0.0,495.0,48.0515,32.8369,0.0,0.0,96.0014,129.9984,False,False
topaneu_center5_mr_481.nii,topaneu_center5_mr_481_0000.nii.gz,615,808,137,3,0.2344,0.2344,0.7,144.14,189.38,95.9,2.9867,float64,0.0,483.0,42.3558,27.8843,0.0,0.0,74.0033,103.9996,False,False
topaneu_center5_mr_484.nii,topaneu_center5_mr_484_0000.nii.gz,264,353,154,3,0.5469,0.5469,0.7,144.38,193.05,107.8,1.28,float64,0.0,1057.0,71.1313,45.8074,0.0,0.0,128.998,175.9973,False,False
topaneu_center5_mr_485.nii,topaneu_center5_mr_485_0000.nii.gz,316,378,137,3,0.4688,0.4688,0.7,148.12,177.19,95.9,1.4933,float64,0.0,713.0,59.404,44.4111,0.0,0.0,122.9948,168.0041,False,False
topaneu_center5_mr_486.nii,topaneu_center5_mr_486_0000.nii.gz,256,311,144,3,0.5469,0.5469,0.7,140.0,170.08,100.8,1.28,float64,0.0,647.0,60.8154,38.6503,0.0,0.0,110.9975,147.0028,False,False
topaneu_center5_mr_487.nii,topaneu_center5_mr_487_0000.nii.gz,519,618,160,3,0.2734,0.2734,0.5,141.91,168.98,80.0,1.8286,float64,0.0,708.0,60.0459,42.9249,0.0,0.0,117.0007,165.0001,False,False
topaneu_center5_mr_488.nii,topaneu_center5_mr_488_0000.nii.gz,316,378,149,3,0.4688,0.4688,0.7,148.12,177.19,104.3,1.4933,float64,0.0,732.0,49.4433,39.7043,0.0,0.0,96.9968,138.0005,False,False
topaneu_center5_mr_489.nii,topaneu_center5_mr_489_0000.nii.gz,253,301,155,3,0.5469,0.5469,0.7,138.36,164.61,108.5,1.28,float64,0.0,582.0,56.5787,36.7994,0.0,0.0,107.0042,147.9977,False,False
topaneu_center5_mr_490.nii,topaneu_center5_mr_490_0000.nii.gz,508,609,200,3,0.2865,0.2865,0.53,145.52,174.45,106.0,1.8502,float64,0.0,1349.0,98.8904,69.2436,0.0,0.0,187.0095,292.9987,False,False
topaneu_center5_mr_491.nii,topaneu_center5_mr_491_0000.nii.gz,479,556,187,3,0.2865,0.2865,0.5,137.21,159.27,93.5,1.7454,float64,0.0,1371.0,116.4957,75.0788,0.0,0.0,230.9999,318.99,False,False
topaneu_center5_mr_492.nii,topaneu_center5_mr_492_0000.nii.gz,496,604,186,3,0.2865,0.2865,0.5,142.08,173.02,93.0,1.7455,float64,0.0,1156.0,92.6621,64.6472,0.0,0.0,173.9953,272.0,False,False
